scPhyTr,naive,Hotspot,same_module,coniche
0.9472150069985971,0.9257647598837809,5.779286840745501,1,0
0.9610074024005713,0.9575552096175275,5.74607163752046,1,0
0.9325975148362804,0.8994135724027812,5.5881473599333065,1,0
0.9567456349598558,0.9447003677347167,5.744406523346457,1,0
0.24714290075641626,0.2168661802739599,0.4323515639644601,0,0
0.03964971758212138,0.06669700815935722,0.03462037501634579,0,0
0.29742178187309193,0.17269102685753404,0.6531272905883874,0,0
0.29402513078261144,0.2613317928604937,1.694250432915524,0,0
0.2873465174474312,0.2594666005904627,1.4457675609346206,0,0
0.37989141640117324,0.39658339990894736,5.106741476216833,0,0
0.30492815785838556,0.37827602327836823,5.034728011262906,0,0
0.033789107828729015,0.3172575785280475,5.097177986597944,0,0
0.1687134292137435,0.3372516507063355,5.3042039559237,0,0
0.22632356702012232,0.3203103637470422,4.627706548375796,0,0
0.3472332380260147,0.3815216882512157,5.255028608024976,0,0
0.9528965871619223,0.9364956833419955,6.120142154322634,1,0
0.953492953014806,0.9346457217523881,6.225961320994964,1,0
0.9570009464301821,0.9437760850649314,6.105709528343325,1,0
0.22851846379639684,0.1991256057237381,0.12002179094853778,0,0
0.03193824958773698,0.06951933895530826,0.18333369955642848,0,0
0.30852040865146696,0.23122632192542822,0.37659154356070834,0,0
0.28075582424193923,0.25282787911435445,1.5114487803642611,0,0
0.27962211400725573,0.24630613066583212,1.1876735737526254,0,0
0.4152948273557966,0.29960840043240294,5.481152866734274,0,0
0.341504974831362,0.3043052269925921,5.4684927145198365,0,0
0.04606147393738387,0.21240937501249282,5.598131355677316,0,0
0.10680066400057606,0.22174680097083155,5.5895032174122115,0,0
0.23985183134201232,0.2311560585003921,5.025027481026339,0,0
0.2532247839186173,0.2486656893995595,5.4011483604613595,0,0
0.9443576290907465,0.9221736278472661,5.955313661491719,1,0
0.969737841073494,0.9636072622422938,6.096780404717324,1,0
0.19536354087183044,0.18482055574286962,0.1948118533239675,0,0
0.0641674074300159,0.04550840031011583,0.12555758884211532,0,0
0.25982094566350705,0.16325035133754287,0.04888832646835674,0,0
0.234814978047232,0.21743502389121078,1.1291143622326614,0,0
0.23741613088076086,0.22602613642538566,0.8648998128547235,0,0
0.38697890557937126,0.34256569974121354,5.058749486786022,0,0
0.3001895163022075,0.3449877046405739,4.990352552672742,0,0
0.058961551966557335,0.2519430380357493,5.050940995679708,0,0
0.14844827965946436,0.2848854305837484,5.198378340773303,0,0
0.1859471597322125,0.26190838879768236,4.465126156454118,0,0
0.2461675817419336,0.300213281434107,4.989752973430794,0,0
0.9676653495338026,0.9583179990398377,6.142919196047082,1,0
0.1293015419711019,0.07858091856498017,0.6999257261395353,0,0
0.05108262560050245,0.08141001740629343,0.28563650187979794,0,0
0.20311626824155418,0.1355840651299518,0.039869579610385786,0,0
0.19423551696407504,0.1574114526814851,0.8127012383332353,0,0
0.16349734906652919,0.10799823879522262,0.36420039481133115,0,0
0.4414192085463396,0.34915945446262725,4.832858783318648,0,0
0.35501534824568626,0.35321792177745587,4.808467716375371,0,0
0.046858735661789094,0.2785552399618597,5.02255149142326,0,0
0.2109874317724294,0.31477640027872356,5.13646254112973,0,0
0.2847724133050457,0.3062889213722593,4.501117498285925,0,0
0.2943537644395268,0.3104583198250573,4.831371069334877,0,0
0.14146249626417723,0.11964229954770995,0.90356228915537,0,0
0.07815528075466914,0.026988503614860514,0.1854456225778541,0,0
0.21099574592689674,0.148020171813534,0.4424336210680517,0,0
0.18457020886854195,0.1624787014889117,0.4907407884972538,0,0
0.1718587389573653,0.14875228575955943,0.156243111884175,0,0
0.35736322004135956,0.2735980339945659,4.6557103862752545,0,0
0.26395000152155323,0.26800163685210315,4.590810553052873,0,0
0.026098890987366813,0.19385298617898977,4.757392544668004,0,0
0.194611522195261,0.23074076211139918,5.007394657976779,0,0
0.1627134262506642,0.20113096262974195,4.139634635881954,0,0
0.2762471063091873,0.24760219129971514,4.7419175251199785,0,0
0.23423920672622114,0.0697660910666275,0.42572124416962875,1,0
0.9712423664875481,0.9214879615653747,4.810377853903904,1,0
0.9576272068255915,0.947107954365456,5.506262663361535,1,0
0.9749668116235111,0.9723125093489478,5.514268664011375,1,0
0.04600670846942902,0.013420536866626042,3.080188175402523,0,0
0.1975717922975305,0.02208099044567071,3.1499519864582672,0,0
0.4050974691402067,0.10524368724823839,2.793048839381682,0,0
0.4503422801614646,0.109367730283075,2.3864997537261163,0,0
0.2504963237863476,0.026425390528473678,3.4932464232113776,0,0
0.11266045814034731,0.0718443459596641,2.894354388630776,0,0
0.22007531638589262,0.02777412307914966,0.19682824322958498,1,0
0.29546402861145366,0.03848166619114553,0.3312075035094828,1,0
0.2442183225807468,0.02135177979943978,0.3793832803041994,1,0
0.3912632639776888,0.05293360091276572,0.07707025418997095,0,0
0.6559788922619745,0.02547386263675639,0.18681341792201975,0,0
0.5078838966182473,0.017464110354674475,0.19700518554265842,0,0
0.37722006151625836,0.08915977594774682,0.10009199688562338,0,0
0.5377667978688535,0.022843921556376472,0.02583398074743016,0,0
0.10134784127817537,0.037441202552974825,0.07112406108170906,0,0
0.9686421142015577,0.9101439095969351,4.944861494870369,1,0
0.9762471921335836,0.9129780692120433,4.698682395629485,1,0
0.10516988573337223,0.08361569953938039,2.84807642906379,0,0
0.2516546564045234,0.06875861833421386,2.913999570924456,0,0
0.3889850990859564,0.18941732871998704,2.73309152169392,0,0
0.42315292782037295,0.19100990881277088,2.423399188605952,0,0
0.3047280958550487,0.05739801230768213,3.512279279378092,0,0
0.08289292717902975,0.16638111296292066,2.7595584650570752,0,0
0.9720870910906574,0.9622045380063312,5.741039638976097,1,0
0.19530885928547595,0.21978513892552318,4.309890164245431,0,0
0.3518587786338713,0.22708213945604525,4.400730022021221,0,0
0.2688682351460047,0.10311874925581882,4.118518660248994,0,0
0.3540826405757608,0.10025002030431959,3.7417465759852346,0,0
0.417868121936387,0.2323311386550417,4.830061000515691,0,0
0.0014708330826856246,0.11550591184779997,4.1996336119475,0,0
0.13743033479352723,0.12866088620812788,3.9761403484018354,0,0
0.28072266414375274,0.1396535734210334,4.04150258289725,0,0
0.3557332317962709,0.012210688844054065,3.721183710349314,0,0
0.4024020984548109,0.0025359002529286847,3.2998655246563726,0,0
0.3172653376421709,0.12630695292172517,4.340490477664255,0,0
0.048222871139708384,0.04343473168539066,3.8159761801010994,0,0
0.9174892653260448,0.9645160549641151,6.874834747037645,0,1
0.5240967034116055,0.9384996189178695,6.25816843405744,0,1
0.3278147640616482,0.9475377957310824,6.203378327407778,0,1
0.7614552034863894,0.9429666765676908,6.6957671124786104,0,1
0.4015909134907942,0.9210901552293302,6.354051669866995,0,1
0.5538055493919956,0.9389794352316972,6.327914445412986,0,1
0.10012531772175669,0.9300566947624201,6.118952975693187,0,1
0.8669901518348373,0.9581569653445385,6.835737076323329,0,1
0.32402249839448316,0.9226703238721222,6.255594222750474,0,1
0.4147151653658288,0.9354232911571502,5.910656648119678,0,1
0.48351506942362754,0.9378288596089995,6.2040587548088135,0,1
0.3854486276830312,0.9432841481608123,6.113492499661008,0,1
0.09868902885935882,0.9305129964597915,6.030354694032814,0,1
0.7564545415556244,0.9430252529917269,6.320987691029661,0,1
0.397376765950651,0.9327421260713096,6.191547199069476,0,1
0.9523112193114994,0.9125322253383936,2.7874487701251516,1,0
0.9843264298920799,0.9766933174121871,3.529347947997597,1,0
0.9724004677530441,0.9077687090937928,3.8719579216389612,1,0
0.9545581240360254,0.8970356884260919,2.4158902923633145,1,0
0.13102496960172152,0.11114769575992081,3.7576750667972485,0,0
0.12852443515739695,0.13164433610864595,3.6176442075635027,0,0
0.13963256717796285,0.10945512202481607,3.7705162602803317,0,0
0.08278947647984759,0.07150681225215716,3.8297461666333104,0,0
0.034396358244778484,0.02512257050449031,3.629161907187334,0,0
0.6396717344979556,0.45124812676982917,2.1491988803646587,0,0
0.5924951915425403,0.44766246926932246,2.421509019420755,0,0
0.5330760307385485,0.4195829927079771,1.7802685077368463,0,0
0.6106132378704928,0.39497260130519135,1.791025799654182,0,0
0.1134682392805106,0.3582339368420821,0.7425033465057748,0,0
0.5545672695712941,0.40186007587931605,2.1332515881943332,0,0
0.9585670770246985,0.9265195834974667,2.883540112043458,1,0
0.9463458481280318,0.8773642571653446,2.8928163632651285,1,0
0.9624763403027176,0.9256196005043853,2.359099803470157,1,0
0.13572004787550546,0.1268735574069381,2.6020735178904886,0,0
0.1206297037965142,0.11121675978831702,2.4285641964336437,0,0
0.1287669504088456,0.09438243621005206,2.5832637832208274,0,0
0.10499651840757422,0.096003700792205,2.593638141767959,0,0
0.060635687119251595,0.05468713112689602,2.4330088923305,0,0
0.5181506944614024,0.2792635224717942,1.1144709436449922,0,0
0.5273799301200858,0.2854898497480121,1.9507411691786434,0,0
0.4503718625873664,0.2515565784639846,1.3521350366553717,0,0
0.4939935988586106,0.2323765417284981,0.8322736251372442,0,0
0.03848625874267469,0.19780345418721332,0.8033571921300443,0,0
0.4470303847873414,0.22210945504512292,1.3391635904257166,0,0
0.9809273606321797,0.9026964660678597,3.7915453668578802,1,0
0.9645833658962183,0.9028232341135043,2.6552345882924815,1,0
0.09760824387863598,0.10352729112307457,3.5820638219127536,0,0
0.08818100931446714,0.08737138054937443,3.2914545872375855,0,0
0.09961059320261464,0.08351236617317674,3.5851756453338735,0,0
0.0475346109895046,0.053631307161291164,3.6283128415236705,0,0
0.0006786052821737038,0.013117602479980606,3.4132351606757445,0,0
0.6056433627270115,0.3604037349833627,1.9443367100563014,0,0
0.551303211324833,0.3508765262617832,2.433704716934316,0,0
0.49587108759591736,0.32081680533290957,1.879740040381535,0,0
0.5673657044452199,0.2964315052764734,1.6036483929641538,0,0
0.1261844822094141,0.26404461202523416,0.9174287019917785,0,0
0.5259129518070826,0.30832517434981976,2.0670075316695606,0,0
0.9724438121328735,0.9489509294644354,3.2675312202993005,1,0
0.08039248176577923,0.013425223415642026,4.0408297819904995,0,0
0.08308424670753262,0.1152421081246723,3.576060610951818,0,0
0.07695413591125622,0.03381412026698195,4.087655537265644,0,0
0.02344993500985593,0.04955631855661615,4.269719888857374,0,0
0.0145077922073533,0.047821352064139906,3.9038691920694557,0,0
0.6045061110738946,0.4771820488179655,2.3396813786080393,0,0
0.5272920258147347,0.46953781114333454,1.8151334230367548,0,0
0.48678012678547083,0.4400962624842205,1.3422149757489303,0,0
0.5581905138270173,0.4267039943475436,1.2945345581782979,0,0
0.1198853230619935,0.4152492277603067,1.0409707894881577,0,0
0.5116219495816399,0.4442838522819481,2.1733483127096065,0,0
0.14126664435658395,0.09624928865818352,2.558650693894343,0,0
0.1330440621167883,0.17077327716727364,2.156063220756251,0,0
0.14547883842601217,0.10150470902800361,2.599128591979192,0,0
0.10301398079631456,0.08580879886472174,2.631342471535039,0,0
0.06869816574522432,0.07494515799394794,2.3035182815324373,0,0
0.5462006891427266,0.380864353956332,1.250196113278795,0,0
0.4976819228435231,0.37263026069737,1.360281376097646,0,0
0.46368729810967413,0.3329111079129292,1.060483117955515,0,0
0.507747164733692,0.33304766855247686,0.6245175569124487,0,0
0.04329319304045678,0.3252057026260548,1.1678308286827992,0,0
0.4548433969764988,0.32515839494685084,1.3918322908089484,0,0
0.9698875188785621,0.8920712196172196,4.630657023734215,1,0
0.9735943381980044,0.9339879255437482,4.923236362709975,1,0
0.9650731990158886,0.9327504365829405,5.099683299998992,1,0
0.9554199582618764,0.9193085916218728,5.012288717997738,1,0
0.022911956478522448,0.07713493005748194,3.9723706832707517,0,0
0.10360238521346327,0.08999445169064425,2.733227097699609,0,0
0.19537397871326218,0.025138888867879128,2.1866012045272676,0,0
0.04620298647878676,0.09520701616677166,2.72909634394325,0,0
0.4267559745700406,0.03405720484531399,1.0984169410750275,0,0
0.0011720483252579666,0.11364506474508797,3.388339447793919,0,0
0.965043818842708,0.8715163238325874,4.715056796679417,1,0
0.9448158832055612,0.8646211150688283,4.786210196194232,1,0
0.9335378649399538,0.8641775353442729,4.829926710241877,1,0
0.012647610764950764,0.13981768560932864,3.7528759527439455,0,0
0.0838417444403397,0.1251584565068525,3.0377192403514623,0,0
0.13012039478555282,0.17692361073989843,2.651504154342604,0,0
0.007356745610698343,0.11828994285545093,2.996862695864119,0,0
0.3963852086392486,0.19225025922400568,1.0987337000026014,0,0
0.006995987342685317,0.11640169231367416,3.3228875447186654,0,0
0.952835557495433,0.9283924293419303,5.363773703674356,1,0
0.9439957777758188,0.913931287614874,5.278511066032053,1,0
0.02597743041954339,0.06713800663010983,4.028705375382767,0,0
0.12543154698042266,0.06835615057636721,2.840713727470851,0,0
0.18099422849563596,0.03461010819226198,2.2971119857121507,0,0
0.030586173436194214,0.09074133555180193,2.8377208642273817,0,0
0.4481461039781097,0.027785690960879728,1.2020901380431732,0,0
0.0008257469874358438,0.10726071863492039,3.471417369988979,0,0
0.9702663501706869,0.9546020926363745,5.787018782777109,1,0
0.054345032526509955,0.09142339354075227,4.04801345215151,0,0
0.06271396924326271,0.08298123448172214,2.9031151878852026,0,0
0.1323676520096997,0.039509245296371814,2.4221292452470364,0,0
0.022246410531190926,0.0928869769162763,2.8948120575281346,0,0
0.46276005064228,0.045450939782532944,1.2511782820974962,0,0
0.06451147860306429,0.12426822048218805,3.563571313323402,0,0
0.1400244627374664,0.20280092112111042,4.167345761912057,0,0
0.03559500076945729,0.19345881047029856,3.125645178479121,0,0
0.03859765518230943,0.1497519921390027,2.6616074435327075,0,0
0.11793002891514141,0.21270760399022057,3.0749903880313343,0,0
0.4627707517395737,0.13539948137674243,1.2319516542686888,0,0
0.15997704509183192,0.23184617327136006,3.716985864643317,0,0
0.6832679296427178,0.9583040527093598,2.6341371290636353,0,1
0.8072213967419256,0.9463183038769167,2.4204075128424547,0,1
0.9377008242114383,0.9572508719779955,3.3719354632112264,0,1
0.40866942281637086,0.918348283541466,1.3522837889849817,0,1
0.9371188616639062,0.9621199189851118,3.7659953948684226,0,1
0.7707223905285924,0.9589785961672028,1.9447650868419435,0,1
0.7307106856821697,0.9492512223279835,2.3970771382088616,0,1
0.03369074810095106,0.9332595406612667,0.5346085646571767,0,1
0.734737744924286,0.9574321531371538,2.5771376734990388,0,1
0.8976618090898665,0.9571321171500947,2.2649834887808242,0,1
0.0023059035104759373,0.9376687673054552,0.49385674673486496,0,1
0.7876229412060335,0.9446879939543572,2.3106294390300066,0,1
0.35690533652949286,0.9224744643701032,1.0404768773088584,0,1
0.9032232334731194,0.9531792318094935,3.0654929584368107,0,1
0.4459641316882349,0.9150289422011834,1.2605640078767963,0,1
0.9569908689738591,0.9048492732227521,4.232606653063045,1,0
0.9748366725254825,0.9129228821867302,3.905932584566747,1,0
0.9756375400855153,0.9602950410083478,5.562743786112146,1,0
0.9731477304314861,0.9203081442099011,3.9628356476926845,1,0
0.06816226270846247,0.06169503738747671,0.4235867753497161,0,0
0.0564639365988699,0.040728750873830454,0.5779593552971214,0,0
0.09975739251422136,0.1042122769949743,1.4535860543432055,0,0
0.12257626899642207,0.1188234925160827,1.2789725374892043,0,0
0.02094775770797325,0.014287144993910102,0.4869462363407537,0,0
0.612314500448738,0.15645974008954236,3.867846950386374,0,0
0.4204224820897929,0.05900167334767609,4.005652319853496,0,0
0.4873233801251308,0.035654900154975924,2.3848384581836757,0,0
0.2143532197885826,0.0490445388781849,3.658177974519832,0,0
0.5484847663310958,0.1135457374257299,4.150050150142874,0,0
0.5727744489012412,0.1148403163400961,4.127002932751438,0,0
0.9803872499679834,0.9661085527356423,3.8727206213306893,1,0
0.9634648080428063,0.9174167790281446,4.3770783276804295,1,0
0.9752145431993918,0.954166928817884,4.007862616774521,1,0
0.15465696000227064,0.22056212617769522,1.4412943160477094,0,0
0.16753175299917633,0.24401988058820048,1.2868801696046221,0,0
0.14243085541144862,0.1637888172815278,2.958534696500511,0,0
0.19195317819833357,0.2144433418809803,2.782320966989026,0,0
0.11936545433504128,0.1954013006593639,1.388769829507322,0,0
0.5378505474172985,0.11336906386366319,1.6430810931066415,0,0
0.39869088668744185,0.18136369743130168,1.8839564975432934,0,0
0.5446007768749482,0.27898476427011043,0.30608564709494385,0,0
0.10834704676493752,0.2060656916223281,1.527584339947873,0,0
0.5047487665834438,0.1428100696439246,1.9996531503967814,0,0
0.5308047592837529,0.1594788771371531,2.067781518379071,0,0
0.9744782444261478,0.9026290122924959,4.066533232877936,1,0
0.9876101550895346,0.9799038664134568,3.867968776257477,1,0
0.10810059747213359,0.20716624360285257,0.9063690401456732,0,0
0.11038767933134107,0.19916928194900063,0.7608318492059171,0,0
0.11346164973005114,0.13480350289555493,2.436304047034226,0,0
0.15125444480132003,0.1678005783271475,2.1665890274810917,0,0
0.06678079390305655,0.1667072652223987,0.8038027846257538,0,0
0.5754134825852166,0.011858066451160694,1.8351372780943525,0,0
0.40597060218588876,0.08105363525287178,2.081775918196783,0,0
0.5100469936373432,0.17773203007723642,0.7233118142692034,0,0
0.141089847239546,0.11406974131077749,1.6349201994131441,0,0
0.5226290543404353,0.046197880307432285,2.1027398084012865,0,0
0.5511268391999116,0.05693085945281218,2.19459797818177,0,0
0.9708228039834342,0.9007797599079209,4.149333080625253,1,0
0.07263705584644842,0.062284753315398955,0.11664958044433729,0,0
0.08256020085538725,0.08566873906915232,0.2632669926571333,0,0
0.11013782558734282,0.11436340195504723,1.6748003050600333,0,0
0.14163560352238008,0.13630560674715284,1.5162763859599622,0,0
0.033980158593276126,0.02829436299347241,0.19826546090249864,0,0
0.6257124465641039,0.02523777763280393,3.9323831760861006,0,0
0.451693439404609,0.055222491493295736,3.832770410287141,0,0
0.5145711216272761,0.16165648651447342,2.2820930664636414,0,0
0.19787836009532236,0.08021707220949652,3.6678740127878253,0,0
0.5717566928075472,0.017572535023660223,4.199238791303648,0,0
0.5939095243879279,0.01971407689369693,4.2984745976875,0,0
0.11307572823807954,0.18936293489791528,1.1228669146008754,0,0
0.11012568431113745,0.1747106732074522,0.9881621839297853,0,0
0.11052152750068302,0.10577272884707249,2.644409715338046,0,0
0.14912653572328158,0.14564362619391372,2.4145798216450496,0,0
0.07007498171451677,0.14345724161992324,1.0230533742259555,0,0
0.5537679479254378,0.015522018959132312,1.7479463969695581,0,0
0.4141476772510466,0.08184659073990895,2.0032104193450655,0,0
0.5145880978771814,0.17350371861361233,0.5318583409973378,0,0
0.12393759224694449,0.10916178527358222,1.5192267326368505,0,0
0.5191462431889524,0.04753941704253103,2.051630735377294,0,0
0.5211421066131797,0.06563178519615485,2.041433201050393,0,0
0.9733879015405255,0.9618543519163181,5.7056004183627955,1,0
0.9375406309775168,0.9062289108942831,4.640663786766298,1,0
0.9379690916839035,0.912893486229669,4.784235984115924,1,0
0.9824907383031848,0.9771924254482328,5.6756005992983525,1,0
0.38441307178697587,0.30262490881921167,4.474305172618602,0,0
0.2839909417133652,0.18852756245271407,4.152928430614471,0,0
0.3308697115730694,0.28813685820190665,5.330285621691564,0,0
0.4558648105958258,0.30904915354769447,4.56140760895353,0,0
0.033505950337668594,0.2460741999269699,4.075654330111872,0,0
0.07972307979216134,0.22612946426175623,4.055106528218191,0,0
0.9157095442378244,0.8756999115167866,4.666721091483796,1,0
0.9372743751372765,0.9153699098822468,4.849950672463793,1,0
0.983229758011253,0.9757915216634797,5.748892499565818,1,0
0.39096888288392245,0.4293307126333045,4.629608921641487,0,0
0.26525192412844506,0.3264943283387881,4.359230624354003,0,0
0.3627664876204266,0.42672221265062493,5.472761003798512,0,0
0.4830851291358876,0.43611554930260565,4.728484806321018,0,0
0.04881915764343539,0.3777495337574954,4.27421940503414,0,0
0.0804296610206478,0.35836113103533335,4.196101944952262,0,0
0.956736793154569,0.9476609780759335,4.922589947121092,1,0
0.9378660740511311,0.9057197758026552,4.642323831984267,1,0
0.250240333898911,0.14113379610634388,2.4657098533740123,0,0
0.398307199944695,0.018707268504671554,2.1539627245338515,0,0
0.33013179975083107,0.1389314890080875,3.7112868956162477,0,0
0.28749942810120616,0.14291926220335777,2.624677228771989,0,0
0.09923663067534698,0.07740389482816452,2.048801773703139,0,0
0.08141517279230863,0.04383169280840013,1.995369506932227,0,0
0.9487650371291899,0.9289058132191591,4.838712117041812,1,0
0.21237797162604385,0.19659221984908792,2.6934987077691153,0,0
0.3932522875150596,0.08373023468234901,2.4822080382787397,0,0
0.3904471422396224,0.21274487689264657,4.09389390391669,0,0
0.2632644708815183,0.20130698375313466,2.826728288202798,0,0
0.09814875458941069,0.13590052169845376,2.3881130351954702,0,0
0.07714448240459025,0.11409437242925781,2.29178516349567,0,0
0.3827547176996421,0.32697762538805775,4.556131021373006,0,0
0.2725418169825202,0.20829032575544282,4.288147571456368,0,0
0.3377535078298012,0.3122946019164969,5.423614625677317,0,0
0.42860795970618354,0.3173976464532829,4.605245472560094,0,0
0.04324641190802474,0.26885141037222005,4.190879562892413,0,0
0.08122728675739477,0.24747580418377169,4.129682476786814,0,0
0.46769638775512035,0.9317468837618236,5.725305173672914,0,1
0.4191997572353121,0.929458301313332,5.836709426660454,0,1
0.6985666659032088,0.9478725561193245,6.281003399516478,0,1
0.7753728481374422,0.9539136114033173,6.054999248987248,0,1
0.7760925529375338,0.9544258604931463,6.263840522893336,0,1
0.7545926914407257,0.9227948031948587,5.43154256601011,0,1
0.3189668972002991,0.9370683776961348,5.615230710432645,0,1
0.8034544787177861,0.9448530906219864,5.649040822329635,0,1
0.7365479308209903,0.9373993571518635,5.655632428488234,0,1
0.11507321861376775,0.9343261931171575,5.807968265380016,0,1
0.6306291616217159,0.9157994409800161,5.677799283459898,0,1
0.5632832197449475,0.926169180326088,5.602632864848367,0,1
0.4493968730345141,0.9535914537626554,5.901495248200564,0,1
0.6236575010624317,0.9543918987918868,6.133965282858939,0,1
0.7730732675582489,0.9486139243352874,5.878080319218964,0,1
0.9540683107569273,0.8994210519476085,2.535942213792997,1,0
0.8835098468712232,0.7758541368719776,1.9981799712560806,1,0
0.9738183743920418,0.9614699533734264,2.9001642523146263,1,0
0.9637658789919462,0.9427723150462639,2.9588771037955386,1,0
0.030864581110979984,0.03160139642133453,0.7006159823299735,0,0
0.09448002538250333,0.09765027355163229,1.1479494044535818,0,0
0.05881483893297517,0.053375869729912095,0.7241341567397472,0,0
0.07991746754100476,0.07470170418593318,1.3986081165146755,0,0
0.058958405872346124,0.05678059475159874,1.0622996625560166,0,0
0.35820850359907563,0.18709292830694804,2.0415959777711272,0,0
0.3316556108580713,0.1381182747063227,1.6723005085414564,0,0
0.48164301688411826,0.17070200659705914,1.407446388165094,0,0
0.38819716156509193,0.16718472941022222,1.4164726911603978,0,0
0.48657442618047186,0.2278153637054448,1.0631286104242794,0,0
0.19107634294826709,0.11322270134303278,1.8116066688667807,0,0
0.861718693035803,0.8107874236368408,1.5751536502054213,1,0
0.9769985159066086,0.9536071647341322,2.3551917489125382,1,0
0.9753454145054374,0.9598005066108167,2.3624102657001638,1,0
0.04504499883838386,0.0009973604649108935,0.07150181535160782,0,0
0.09483701822147973,0.03126956006725454,0.35854489600876793,0,0
0.06265490050090053,0.008099418139443385,0.15500025381416746,0,0
0.0617997907238018,0.04445904475783599,0.5268229956208769,0,0
0.059566421054244076,0.01355338952148175,0.3313414308316773,0,0
0.3063437809477344,0.15246977627728017,1.9035501942702309,0,0
0.26086447912436794,0.21076447350816827,1.8344485535970052,0,0
0.40302814790624514,0.173135654784019,1.4466078545956775,0,0
0.3142913416404242,0.18159500797804734,1.4746963939732745,0,0
0.39674235268492497,0.1385537024852315,1.4408373130768442,0,0
0.11180156700799576,0.24499089302513002,1.7569750726684625,0,0
0.8747192446700518,0.8014339631518083,1.7149523668124758,1,0
0.8829818950030855,0.8152782920494868,1.621769566867807,1,0
0.11119240614793699,0.008262691371241079,0.2382443609319293,0,0
0.1297875230543138,0.06468140982855092,0.021386269187976474,0,0
0.13566692343440945,0.021726421448532488,0.3374009798320896,0,0
0.14610470140618897,0.022845066702303584,0.17407015609035714,0,0
0.12003152383750966,0.045309902468307704,0.07266185802652468,0,0
0.4440204837155958,0.044186635684317306,1.826348017292413,0,0
0.4572305540400579,0.09346096204401198,1.4062563823811083,0,0
0.6379170967611216,0.08764102328708663,1.005800159992763,0,0
0.5229339730546085,0.09060323636208992,0.902560293209516,0,0
0.6066215553903067,0.05669676870415997,0.9486540468867971,0,0
0.3080087009127784,0.13382234672151413,1.5425359823547267,0,0
0.979404947120671,0.9748155319466758,2.8225602084644206,1,0
0.08597740835754954,0.07689200003219146,0.163612891073793,0,0
0.1149146792919919,0.09054653173694044,1.0234557213906603,0,0
0.10078610738412759,0.08780169692840024,0.09856556270879414,0,0
0.09987973471526865,0.0529982932243205,1.0621188622757738,0,0
0.07749048260146978,0.043439466766083894,0.9620468401938004,0,0
0.3389868928487741,0.04372664627860575,1.9413964137845303,0,0
0.29988911198514295,0.008491609371808692,1.8258317909670494,0,0
0.4646906380381321,0.0121116868162293,1.6075162569741537,0,0
0.36026177910436413,0.014641519583460634,1.7311228220314838,0,0
0.4695019647922934,0.07889958121354787,1.1988846702882603,0,0
0.1776246080709931,0.03846462374851873,1.7737453665749405,0,0
0.06208729669883309,0.03928714468894799,0.20579258589534805,0,0
0.09195750838416493,0.05989002001396185,1.028957724048182,0,0
0.08127409250223344,0.0576821451770281,0.08229286808333401,0,0
0.07937405757647066,0.01748299556377722,1.0850840181255894,0,0
0.060982138822843646,0.0192602832508054,1.0462455660901808,0,0
0.3245055460959509,0.008217242144973316,1.9480749338847654,0,0
0.29691151968919977,0.06375732738193401,1.8660124130890352,0,0
0.4744337515849093,0.03459575106807281,1.6536036064545716,0,0
0.35737429751004973,0.04366054588949693,1.6569390434507647,0,0
0.4594621888928898,0.013976012947527035,1.2472113815717405,0,0
0.17304297131820995,0.09159862991148134,1.7545585519929598,0,0
0.901702519508264,0.8996317963975344,2.259335636403081,1,0
0.9790454424598563,0.9785165466454442,3.656993442161832,1,0
0.9293846295069571,0.9068389898923448,2.694328538034403,1,0
0.9140327612212221,0.9001321771416024,2.123160271315206,1,0
0.21687682033065311,0.26174640993426146,1.8833007790898573,0,0
0.06937056071081343,0.18615343160321624,2.3927289448219833,0,0
0.3855655286449919,0.21277603425744204,2.5062115142139954,0,0
0.32033370658720545,0.21139294459631913,2.4529875850027714,0,0
0.23566242927051986,0.22732595118262275,2.5533922671441913,0,0
0.49175196857325737,0.25081688321847057,1.4087143406483567,0,0
0.9214242847466105,0.9061518911851386,2.552656125624903,1,0
0.974740555044811,0.9704833239023688,3.462614800149887,1,0
0.9856780883190476,0.9854113577543923,3.814698406236456,1,0
0.22758190869428208,0.3373982566806097,1.780142764242063,0,0
0.08339368049968006,0.2731310425624043,2.008518282053955,0,0
0.3457848747036744,0.3448249948086054,1.6347851506924738,0,0
0.3493945565985727,0.3330371812442447,1.298273529421108,0,0
0.20086879393782373,0.31197829935741167,2.709855416875922,0,0
0.4245308176892416,0.3346364715762304,1.1938650657754453,0,0
0.9482748995916397,0.917846294444922,2.898725764543882,1,0
0.9342472190006905,0.9084741353357664,2.4500774224566864,1,0
0.22091905002600598,0.28979165542643937,1.9336136792856164,0,0
0.06505094617117509,0.20718131233897186,2.5385816966260433,0,0
0.4005467665721105,0.24077193893446233,2.5473528779635344,0,0
0.3538780341772834,0.2393848788089013,2.4389107880007375,0,0
0.2290545573845973,0.24280282676698522,2.7931710100662603,0,0
0.5081534326937112,0.2780113281485303,1.4906505457937393,0,0
0.9800574997717498,0.9744080640508578,3.3835451534105547,1,0
0.2763506447938713,0.4653934087328069,1.503174004267313,0,0
0.13248887393684042,0.40531346090932785,1.8682879164779087,0,0
0.419793520749474,0.46350017564886414,1.6558873248956893,0,0
0.3855187975882952,0.4536887129987818,1.4242042163062882,0,0
0.2672717139171179,0.4336562066083748,2.4246133729229906,0,0
0.475956822614728,0.4654326418399471,1.1582286850751922,0,0
0.22394317723124818,0.3535800109772194,1.7928664104946068,0,0
0.08452814001192382,0.29096812934725735,1.9567197470419104,0,0
0.35612592108031527,0.35721349778784645,1.5565590629303547,0,0
0.344960822521463,0.34083624918271893,1.2556305031795605,0,0
0.20788855191492547,0.3238848627577612,2.6095681984667864,0,0
0.44234104846672706,0.34419966194372265,1.2165408175205226,0,0
0.8807088195417325,0.9543050929070686,3.9910282987060257,0,1
0.6846746041288315,0.9496550141160546,3.284994608132457,0,1
0.28223186632970854,0.9370012899633668,2.6908250252062738,0,1
0.843330884695855,0.9577885900111702,3.5274316554196896,0,1
0.00012034322521679936,0.9542316181233162,2.7049156143346007,0,1
0.715104682509104,0.9391829728788592,3.524216690467797,0,1
0.4253477222202691,0.9384972959916107,2.977560732769143,0,1
0.8820629543503857,0.9601818127221569,3.916606937146883,0,1
0.01715680228411952,0.9413193474888256,2.5736515702255125,0,1
0.7552160105797687,0.9608368332579073,2.555309756449233,0,1
0.8898011051270948,0.9533980749442443,3.248355947749266,0,1
0.5237828334594267,0.9370428042810689,2.16078773578062,0,1
0.5562347299866673,0.9444250241859719,2.606446196399293,0,1
0.7379444529865975,0.9475463380519017,2.0799857101163575,0,1
0.28914650665836095,0.9450904583459742,2.4550594373006285,0,1
0.9629750294046221,0.9140792201692597,4.96955992449209,1,0
0.960159912266501,0.9218596844966402,5.076813929304903,1,0
0.9767003950738303,0.9651339371182212,4.960118703523254,1,0
0.9880996520377987,0.975200306067602,5.217539444512322,1,0
0.2679855304410187,0.2881062579396963,3.49973493477225,0,0
0.10500908711209274,0.0883659382401171,3.349912109207698,0,0
0.17073798016319117,0.16355189824652488,3.69224901198014,0,0
0.199881096637735,0.18152939543310004,3.4140548373116344,0,0
0.14617235080708027,0.10300862890561256,3.556434882464283,0,0
0.26479527092003874,0.24794227784576978,3.207489019213641,0,0
0.09354058035713006,0.1536833461331117,2.7202152906073396,0,0
0.3197906524580516,0.21465232586688185,2.9961435109447128,0,0
0.17526937741596071,0.14167857968054878,2.704336264752093,0,0
0.30983329691826345,0.1902469557563235,2.074564070367623,0,0
0.001435563895064364,0.15878686567454078,2.6466628162002643,0,0
0.9810506813839247,0.9729613281580961,6.104695614341709,1,0
0.9676314274393749,0.9090198337200338,4.740933267482599,1,0
0.9740977026233595,0.9412313023864887,5.312318937575516,1,0
0.25429374711869474,0.2911559752363066,3.223446689345219,0,0
0.07875111643467154,0.10093652918460937,3.148240622236938,0,0
0.16625493418876808,0.22087983278177345,3.9830238788065855,0,0
0.18725261372889096,0.2392777296314603,3.542852776169776,0,0
0.1441998481247579,0.158822018572709,3.7376981660377635,0,0
0.3037994576374565,0.2344128386703767,3.4797416820319587,0,0
0.09906359314241037,0.12871376050218056,2.899339962824426,0,0
0.2872260113140111,0.20409544172179353,3.2592941540988383,0,0
0.21350911820599974,0.09063765761175739,2.6891905804572858,0,0
0.3138646125635132,0.1388352306759548,2.070762595269956,0,0
0.034816711385893054,0.12848214289207166,2.614353369864527,0,0
0.9602159863248148,0.9084362881216038,4.8151854385246615,1,0
0.9669265854850738,0.9380016682984031,5.422144934733925,1,0
0.23697155598829064,0.2679017284637881,3.2182373252172862,0,0
0.06248949383287539,0.08338267014402183,3.086985726801225,0,0
0.14919443650832515,0.19881120747201006,3.912504768958575,0,0
0.17487673819404975,0.21190832960046044,3.4881209530532975,0,0
0.1315565241749291,0.13770003507993095,3.6549534224298146,0,0
0.3179098699839596,0.2846050068346181,3.5785853928100915,0,0
0.06356655106389654,0.18168828626033645,3.076386684156917,0,0
0.30618963640158325,0.25897785195607226,3.3562707477534195,0,0
0.20980438155862513,0.1456744656000805,2.827769649522187,0,0
0.30009009289687416,0.19345894340364275,2.22907000636943,0,0
0.01279587641273208,0.18541636114790028,2.766339394065741,0,0
0.9799745364325285,0.9645703582250157,4.890981905562231,1,0
0.2859269949554728,0.28237096829183816,3.412902167583248,0,0
0.131839947945043,0.07337283103146443,3.3443670743248144,0,0
0.20728882629589146,0.158453462392178,3.7302411946224505,0,0
0.22046528754599487,0.17059816631005953,3.3549983406110417,0,0
0.1792993333977623,0.09871260788432923,3.5883244984142477,0,0
0.2683063822340378,0.16067211157209738,3.1073986721373945,0,0
0.1593433628000524,0.06797154665837808,2.4813065896059565,0,0
0.279387346700802,0.14073334437801538,2.7001964968976,0,0
0.22419540310339012,0.053069600972107146,2.4500301033701235,0,0
0.36193661960859125,0.1029535700937158,1.9239041841359568,0,0
0.04124042762774205,0.07963893445562478,2.446367888700876,0,0
0.272083010223814,0.26855520161231144,3.450289655783919,0,0
0.10113813975282779,0.03629857549833975,3.389469758585306,0,0
0.17419735913439238,0.12976944433372747,3.881970309669178,0,0
0.20197097160029748,0.1700162398627395,3.5826347971018446,0,0
0.14801980077811622,0.07001781347204968,3.6727549602655123,0,0
0.2708288583161112,0.14773266270944227,3.3119399717130644,0,0
0.09075982623000801,0.05400640486810868,2.792397523316601,0,0
0.31077026460533114,0.118718301739506,3.0871134796766606,0,0
0.18248300107298068,0.030878596768895882,2.730617665370286,0,0
0.30256203053853437,0.07994724849821054,2.088463543994549,0,0
0.00844230377691349,0.05227865053510754,2.659741882246956,0,0
0.9351228262463037,0.8983240464872058,4.505295683215756,1,0
0.9552572135696648,0.934265754406938,4.438149446732612,1,0
0.9725051121216669,0.9510792825624008,4.626096919891736,1,0
0.9381196787351743,0.9151648112771585,4.406937731115396,1,0
0.21257299893945517,0.21462445799919855,0.17754882514674122,0,0
0.2704788495084145,0.15771529200217815,0.6002178058626213,0,0
0.21423252312351468,0.22402718556805792,0.07826835359017062,0,0
0.10960464415088329,0.22791032886832235,0.015700269934081988,0,0
0.440909885618563,0.15364570266605343,0.7365535712982101,0,0
0.03088051808805774,0.17178076179727053,0.9099731606321032,0,0
0.9768511322979766,0.9641298309250403,4.797165016028427,1,0
0.9619217939339513,0.9325851601951868,4.723331629431463,1,0
0.9761022124255662,0.9788914839781848,4.996697901976955,1,0
0.4264333621927244,0.34428096638926686,0.32957384849296817,0,0
0.33505920019439994,0.314827799511136,1.2205716302713858,0,0
0.23425963439710015,0.38031680729442136,0.3047286271224377,0,0
0.2664537058147597,0.4099297872951098,0.23745945726098436,0,0
0.4906698345405428,0.30403046404095063,1.0817377283271388,0,0
0.0983835227679922,0.36051563354920413,0.9447498006737592,0,0
0.9707483664339168,0.9530288301472273,4.762012924839589,1,0
0.9860526992471613,0.9816273906010811,4.961552704654475,1,0
0.36163200261544987,0.37033266785362023,0.6830464370147645,0,0
0.33463092370169184,0.32315212684876493,0.29559932120597676,0,0
0.224047275543984,0.3907528564959076,0.4307597769498895,0,0
0.20544292615902426,0.39577782368081355,0.21847265212873493,0,0
0.5138597403792816,0.30980437216478013,0.4544612269607161,0,0
0.053862382012281045,0.35292156284048837,0.4220216408786622,0,0
0.9595768817442049,0.9492483744399952,4.7499618324719854,1,0
0.29837415267433376,0.1919201849770293,0.1761387232261762,0,0
0.302433062436577,0.14851247117979777,0.6576063580968156,0,0
0.19790016026963203,0.22127152355246688,0.06508618888183865,0,0
0.1427851438564296,0.21786994177433192,0.0029540624589429712,0,0
0.4744014571409719,0.1247477031314308,0.8229374262127419,0,0
0.019314423683846105,0.16938904805640773,0.9152716240059517,0,0
0.3929843853571835,0.31856760595039535,0.18858692544424194,0,0
0.32005005900510924,0.2842668949243418,0.6936575516901171,0,0
0.24379412101188472,0.3530294369528167,0.17896019181635225,0,0
0.24368305951080993,0.3674051653331728,0.07122277894513912,0,0
0.5077853760135965,0.26918425977325733,0.7260129241099897,0,0
0.09800806828412016,0.3227450447459217,0.6208126360172748,0,0
0.07620892664641632,0.9475925419790631,5.0202803436509775,0,1
0.3290505816558672,0.919769048768964,4.656770079079228,0,1
0.7876551266767376,0.9091070996305375,3.7820921219552224,0,1
0.08925400537519294,0.9443303629758862,4.067776083086108,0,1
0.4938509942570611,0.9300963039868043,4.429732763482246,0,1
0.4019102378994213,0.9268307953074603,4.74668566574753,0,1
0.4860745733532849,0.9465149282595583,4.259898335886195,0,1
0.832946796193274,0.9675616023554526,4.407284622118891,0,1
0.46629301664547745,0.9539973999470824,4.842540148484395,0,1
0.6521904542542939,0.9400178619062818,3.978438411356354,0,1
0.14319870051893369,0.9402586476801651,3.7908048552837372,0,1
0.5625329511294097,0.9348028926999224,4.365058511383034,0,1
0.25580978306049673,0.9438793830575406,3.665274129768301,0,1
0.8218590070905245,0.9509992593078341,4.147622100418479,0,1
0.2647027536613212,0.9506081522819808,3.95966720889696,0,1
