"","iter","ll_total","objective","sigma","alpha","tau","converge","settings","gene_name","regime","model","param.count","dataset","ntips","AIC","AICc","delta_AIC","delta_AICc","AIC_weight","AICc_weight","truth","AICc_next_worse","AIC_next_worse"
"1",1,-104.732694359347,-181.905986184666,0.826549381928239,1e-10,0,NA,"BM1_0_BM1","BM1_0","BM1","BM1",3,"oursim",256,215.465388718693,215.560626813931,0,0,0.999947047743914,0.999952554461769,"BM1",6.17928746127885,6.11516300671616
"2",1,-111.708263436831,-217.816514308618,1.12001652826266,0.572460772900864,0,NA,"BM1_0_OUM","BM1_0","OUM","OUM",6,"oursim",256,235.416526873663,235.753876271253,19.9511381549697,20.193249457322,4.65202883863221e-05,4.12164885014223e-05,"BM1",0.0609133696516153,0.238900217441198
"3",1,-115.686871453539,-222.695898085663,1.17646250657402,0.529346681309655,0,NA,"BM1_0_OU1","BM1_0","OU1","OU1",4,"oursim",256,239.373742907078,239.533105456879,23.9083541883847,23.9724786429474,6.43196770010231e-06,6.22904972976099e-06,"BM1",2.92512051062974,2.98924496519243
"4",1,-86.3241269909829,-81.9539015938515,0.620013161064088,1e-10,0,NA,"BM1_1_BM1","BM1_1","BM1","BM1",3,"oursim",256,178.648253981966,178.743492077204,0,0,0.98920017071113,0.989809300753303,"BM1",0.709119791106787,0.467008488754516
"5",1,-90.2101997296363,-112.11089607603,0.860872671728303,0.7881833794637,0,NA,"BM1_1_OU1","BM1_1","OU1","OU1",4,"oursim",256,188.420399459273,188.579762009073,9.77214547730665,9.83626993186934,0.00746946942791166,0.00723823457287624,"BM1",0.423801100344377,0.487925554907065
"6",1,-89.0179433346976,-110.717809714997,0.853940338856852,0.82040133716672,0,NA,"BM1_1_OUM","BM1_1","OUM","OUM",6,"oursim",256,190.035886669395,190.373236066986,11.3876326874294,11.6297439897817,0.00333035986095842,0.00295246467382056,"BM1",0.0249847779306833,0.267096080282954
"7",1,-78.6501416352893,-155.71142377666,0.722569961553964,0.806749596272562,0,NA,"BM1_10_OUM","BM1_10","OUM","OUM",6,"oursim",256,169.300283270579,169.637632668169,0,0,0.890261452652855,0.877864494612159,"BM1",1.05665032855873,1.298761630911
"8",1,-83.7436283306249,-134.65472692615,0.595488895449264,1e-10,0,NA,"BM1_10_BM1","BM1_10","BM1","BM1",3,"oursim",256,173.48725666125,173.582494756488,4.18697339067111,3.94486208831884,0.109730624175919,0.122126965379215,"BM1",1.21475901053486,1.19409348895158
"9",1,-92.2796205678619,-172.024579737776,0.829441184627684,0.577806585890692,0,NA,"BM1_10_OU1","BM1_10","OU1","OU1",4,"oursim",256,192.559241135724,192.718603685525,23.2589578651452,23.0809710173556,7.92317122609795e-06,8.54000862603204e-06,"BM1",0.62345265958416,0.445465811794577
"10",1,-68.2578331577351,-59.656253469246,0.467526008138873,1e-10,0,NA,"BM1_11_BM1","BM1_11","BM1","BM1",3,"oursim",256,142.51566631547,142.610904410708,0,0,0.980591348839488,0.982214695127449,"BM1",0.394502733664496,0.304118482182247
"11",1,-69.6110327343087,-86.9632241494035,0.63508783812526,0.842834388334976,0,NA,"BM1_11_OUM","BM1_11","OUM","OUM",6,"oursim",256,151.222065468617,151.559414866208,8.7063991531472,8.94851045549947,0.0126158786426179,0.0111959789015092,"BM1",0.146782899357106,0.324769747146689
"12",1,-72.230129782675,-90.0090567555064,0.646792902353753,0.772958082311867,0,NA,"BM1_11_OU1","BM1_11","OU1","OU1",4,"oursim",256,152.46025956535,152.619622115151,9.94459324987972,10.0087177044424,0.00679277251789445,0.00658932597104185,"BM1",0.337592286912553,0.15960543912297
"13",1,-61.6684348885389,-114.823050348889,0.565052903908404,0.863613639608499,0,NA,"BM1_12_OUM","BM1_12","OUM","OUM",6,"oursim",256,135.336869777078,135.674219174668,0,0,0.978865904678188,0.976211036141717,"BM1",0.0487224980154508,0.290833800367722
"14",1,-68.5041205853532,-95.7965043355255,0.469328838056061,1e-10,0,NA,"BM1_12_BM1","BM1_12","BM1","BM1",3,"oursim",256,143.008241170706,143.103479265944,7.67137139362862,7.42926009127635,0.0211303197622583,0.0237848480874106,"BM1",0.0536549292984319,0.214016184120027
"15",1,-76.1340362311766,-131.831750233366,0.649689032936533,0.601870893241314,0,NA,"BM1_12_OU1","BM1_12","OU1","OU1",4,"oursim",256,160.268072462353,160.427435012154,24.9312026852754,24.7532158374858,3.77555955333406e-06,4.11577087220642e-06,"BM1",0.0475551234686975,0.560404546059942
"16",1,-89.1310877875409,-132.348651578104,0.647766742693256,1e-10,0,NA,"BM1_13_BM1","BM1_13","BM1","BM1",3,"oursim",256,184.262175575082,184.35741367032,0,0,0.999708533560873,0.999737677303855,"BM1",0.48990489123787,0.425780436675183
"17",1,-94.457427867163,-165.558915923346,0.875073850827328,0.634851281074969,0,NA,"BM1_13_OUM","BM1_13","OUM","OUM",6,"oursim",256,200.914855734326,201.252205131916,16.6526801592441,16.8947914615964,0.00024198578128708,0.000214401938369288,"BM1",0.0208401587707101,0.0172263942337167
"18",1,-98.0447249940754,-170.012973869626,0.908980810968089,0.58229423423435,0,NA,"BM1_13_OU1","BM1_13","OU1","OU1",4,"oursim",256,204.089449988151,204.248812537952,19.8272744130691,19.8913988676318,4.9480657840069e-05,4.79207577760901e-05,"BM1",0.367653362345663,0.367653362345663
"19",1,-77.4656179194575,-83.1133798861264,0.539869231338875,1e-10,0,NA,"BM1_14_BM1","BM1_14","BM1","BM1",3,"oursim",256,160.931235838915,161.026473934153,0,0,0.932958652050988,0.940091871909491,"BM1",0.139352471850316,0.000736759703357848
"20",1,-77.1088418240215,-109.026655202628,0.701700068589458,0.788309933685363,0,NA,"BM1_14_OUM","BM1_14","OUM","OUM",6,"oursim",256,166.217683648043,166.555033045633,5.28644780912788,5.52855911148015,0.0663628212078905,0.059245987181197,"BM1",0.799043301552047,0.0875243446204195
"21",1,-83.6918101904873,-116.559635232604,0.751603622879867,0.685114690420434,0,NA,"BM1_14_OU1","BM1_14","OU1","OU1",4,"oursim",256,175.383620380975,175.542982930775,14.4523845420596,14.5165089966223,0.000678526741121965,0.000662140909312451,"BM1",0.133237444062331,0.133237444062331
"22",1,-77.6336713612457,-157.111892074463,0.710711260190874,0.802649828473499,0,NA,"BM1_15_OUM","BM1_15","OUM","OUM",6,"oursim",256,167.267342722491,167.604692120082,0,0,0.999539765025707,0.999480569494749,"BM1",0.0469213876964147,0.25738455451912
"23",1,-88.3170024753093,-141.619567054626,0.639579775232363,1e-10,0,NA,"BM1_15_BM1","BM1_15","BM1","BM1",3,"oursim",256,182.634004950619,182.729243045857,15.3666622281272,15.1245509257749,0.000460226658034029,0.00051942141550717,"BM1",0.614085957797414,0.371974655445143
"24",1,-98.2382643035098,-180.973742438608,0.901252757083414,0.547705329833163,0,NA,"BM1_15_OU1","BM1_15","OU1","OU1",4,"oursim",256,204.47652860702,204.63589115682,37.2091858845283,37.0311990367387,8.31625932828775e-09,9.08974407403146e-09,"BM1",0.283958790174864,0.283958790174864
"25",1,-80.1976462599874,-90.1256516551083,0.563414009691297,1e-10,0,NA,"BM1_16_BM1","BM1_16","BM1","BM1",3,"oursim",256,166.395292519975,166.490530615213,0,0,0.993372210985242,0.99404445135902,"BM1",0.0645024304203048,0.863545731972351
"26",1,-82.3644631297634,-118.664390836413,0.757922997839238,0.774103424980143,0,NA,"BM1_16_OUM","BM1_16","OUM","OUM",6,"oursim",256,176.728926259527,177.066275657117,10.3336337395519,10.5757450419041,0.00566489612969496,0.00502240751992535,"BM1",0.0733609176399739,0.315472219992245
"27",1,-86.136564792463,-123.213334712813,0.782456495689679,0.691261445120645,0,NA,"BM1_16_OU1","BM1_16","OU1","OU1",4,"oursim",256,180.273129584926,180.432492134727,13.8778370649511,13.9419615195138,0.00096289288506339,0.000933141121054556,"BM1",0.19563188991259,0.19563188991259
"28",1,-74.4659862993092,-132.052540659992,0.71123144235237,0.935323925124689,0,NA,"BM1_17_OUM","BM1_17","OUM","OUM",6,"oursim",256,160.931972598618,161.269321996209,0,0,0.959421633079699,0.954438082054857,"BM1",0.0821417581085484,0.0821417581085484
"29",1,-80.6294191259736,-112.560004441347,0.567227961143767,1e-10,0,NA,"BM1_17_BM1","BM1_17","BM1","BM1",3,"oursim",256,167.258838251947,167.354076347185,6.32686565332884,6.08475435097657,0.0405646829798074,0.045547038087288,"BM1",0.250615772896396,0.00850447054412484
"30",1,-87.6238492971485,-147.519639226202,0.784606959143204,0.629395735760483,0,NA,"BM1_17_OU1","BM1_17","OU1","OU1",4,"oursim",256,183.247698594297,183.407061144098,22.3157259956786,22.137739147889,1.36839404937785e-05,1.48798578548156e-05,"BM1",0.950352526222105,1.01447698078479
"31",1,-82.9361200577647,-87.49605019853,0.588045193753731,1e-10,0,NA,"BM1_18_BM1","BM1_18","BM1","BM1",3,"oursim",256,171.872240115529,171.967478210767,0,0,0.991881581551285,0.992666567977101,"BM1",0.387640553806364,0.387640553806364
"32",1,-84.9665018447476,-115.905739566245,0.789343941989799,0.773117617218048,0,NA,"BM1_18_OUM","BM1_18","OUM","OUM",6,"oursim",256,181.933003689495,182.270353087085,10.0607635739657,10.302874876318,0.00648325007713079,0.0057486059790959,"BM1",0.401516331036078,0.401516331036078
"33",1,-88.3439780058785,-119.78305721457,0.81662490707138,0.716273351690568,0,NA,"BM1_18_OU1","BM1_18","OU1","OU1",4,"oursim",256,184.687956011757,184.847318561558,12.8157158962276,12.8798403507903,0.00163516837158404,0.00158482604380269,"BM1",0.208890095630409,0.273014550193096
"34",1,-84.4102847646572,-197.571011016808,0.784867611817387,0.782263433618215,0,NA,"BM1_19_OUM","BM1_19","OUM","OUM",6,"oursim",256,180.820569529314,181.157918926905,0,0,0.991347196241635,0.990244557091132,"BM1",0.483464395537965,0.222080550886147
"35",1,-92.1514913748391,-178.999842403976,0.679070443940642,1e-10,0,NA,"BM1_19_BM1","BM1_19","BM1","BM1",3,"oursim",256,190.302982749678,190.398220844916,9.48241322036384,9.24030191801157,0.00865258579557661,0.00975520492452357,"BM1",0.200085347841195,0.0930033286909975
"36",1,-101.740535794258,-218.321693790161,0.94755785170796,0.533910253630374,0,NA,"BM1_19_OU1","BM1_19","OU1","OU1",4,"oursim",256,211.481071588516,211.640434138317,30.6605020592016,30.482515211412,2.17962787945638e-07,2.37984344535526e-07,"BM1",0.292691929511705,0.292691929511705
"37",1,-84.538362609943,-101.787794745974,0.60295230586295,1e-10,0,NA,"BM1_2_BM1","BM1_2","BM1","BM1",3,"oursim",256,175.076725219886,175.171963315124,0,0,0.999071120410595,0.99913921436382,"BM1",0.371019615651306,0.306895161088619
"38",1,-89.1979930391846,-133.543548805594,0.822107035876632,0.695915968588982,0,NA,"BM1_2_OUM","BM1_2","OUM","OUM",6,"oursim",256,190.395986078369,190.73333547596,15.3192608584832,15.5613721608355,0.000471043674765447,0.000417365910905992,"BM1",1.5769455079662,0.0568799250285963
"39",1,-91.2264330016989,-136.013418256292,0.838419633972765,0.659669806767552,0,NA,"BM1_2_OU1","BM1_2","OU1","OU1",4,"oursim",256,190.452866003398,190.612228553199,15.3761407835118,15.4402652380745,0.000457835914639625,0.000443419725273938,"BM1",0.121106922760987,0.0502020941216017
"40",1,-94.7909168401725,-147.468509749878,0.707661291983849,1e-10,0,NA,"BM1_20_BM1","BM1_20","BM1","BM1",3,"oursim",256,195.581833680345,195.677071775583,0,0,0.948890330912814,0.954444171430212,"BM1",0.396694186804496,0.332569732241808
"41",1,-94.7142219661378,-174.131933894613,0.906578132022719,0.730473298906945,0,NA,"BM1_20_OUM","BM1_20","OUM","OUM",6,"oursim",256,201.428443932276,201.765793329866,5.84661025193074,6.08872155428301,0.0510082866662484,0.0454570704715636,"BM1",2.48301920808564,2.66100605587522
"42",1,-102.935065635709,-184.088586402799,0.98622767561038,0.597737726881707,0,NA,"BM1_20_OU1","BM1_20","OU1","OU1",4,"oursim",256,213.870131271419,214.02949382122,18.2882975910738,18.3524220456365,0.000101382420937038,9.87580982250174e-05,"BM1",1.5311329927118,1.59525744727449
"43",1,-87.5213250401003,-106.101343765832,0.631720449198229,1e-10,0,NA,"BM1_21_BM1","BM1_21","BM1","BM1",3,"oursim",256,181.042650080201,181.137888175439,0,0,0.985279714279978,0.986888763092405,"BM1",0.0200307514661233,0.261383844651817
"44",1,-88.7652956660963,-133.780840180056,0.835383771108679,0.765788601113104,0,NA,"BM1_21_OUM","BM1_21","OUM","OUM",6,"oursim",256,189.530591332193,189.867940729783,8.48794125199205,8.73005255434433,0.0141392546759652,0.0125476205987299,"BM1",0.317103125358358,0.495089973147941
"45",1,-93.9572017062934,-139.938204826777,0.878036366597379,0.67025721370712,0,NA,"BM1_21_OU1","BM1_21","OU1","OU1",4,"oursim",256,195.914403412587,196.073765962388,14.8717533323862,14.9358777869489,0.000581031044057079,0.000563616308864981,"BM1",0.995167363490339,0.995167363490339
"46",1,-81.3372351162492,-78.3604028534033,0.573536165807622,1e-10,0,NA,"BM1_22_BM1","BM1_22","BM1","BM1",3,"oursim",256,168.674470232498,168.769708327737,0,0,0.993987891715897,0.994323983176875,"BM1",0.867924340432438,0.625813038080167
"47",1,-85.8006366011317,-109.282327646511,0.796924615829316,0.762875068815388,0,NA,"BM1_22_OU1","BM1_22","OU1","OU1",4,"oursim",256,179.601273202263,179.760635752064,10.9268029697648,10.9909274243275,0.0042136259185257,0.00408205027343941,"BM1",0.671856382662639,0.671856382662639
"48",1,-84.6520169624262,-107.924410371895,0.790054999645952,0.791367270568785,0,NA,"BM1_22_OUM","BM1_22","OUM","OUM",6,"oursim",256,181.304033924852,181.641383322443,12.6295636923539,12.8716749947061,0.00179848236557737,0.00159396654968508,"BM1",0.628969764642761,0.628969764642761
"49",1,-67.0739631880471,-66.1191484402221,0.458957147063747,1e-10,0,NA,"BM1_23_BM1","BM1_23","BM1","BM1",3,"oursim",256,140.147926376094,140.243164471332,0,0,0.930217124534535,0.937473242198583,"BM1",0.0029919695157048,0.0029919695157048
"50",1,-66.7022947850464,-91.7773847574648,0.604199920162836,0.827754562526592,0,NA,"BM1_23_OUM","BM1_23","OUM","OUM",6,"oursim",256,145.404589570093,145.741938967683,5.25666319399866,5.49877449635093,0.0671605773723564,0.0599673931863371,"BM1",0.287163720934359,0.52927502328663
"51",1,-71.9453301460973,-97.8429459983996,0.632590795024829,0.718925429522193,0,NA,"BM1_23_OU1","BM1_23","OU1","OU1",4,"oursim",256,151.890660292195,152.050022841995,11.7427339161005,11.8068583706632,0.0026222980931083,0.00255936461507935,"BM1",0.515220743272153,0.515220743272153
"52",1,-85.5029898030318,-173.339009647106,0.800355181526065,0.78846740110165,0,NA,"BM1_24_OUM","BM1_24","OUM","OUM",6,"oursim",256,183.005979606064,183.343329003654,0,0,0.726599379540436,0.701904461066822,"BM1",0.0637321404437614,0.241718988233345
"53",1,-89.480485280975,-151.047535718,0.651312886885255,1e-10,0,NA,"BM1_24_BM1","BM1_24","BM1","BM1",3,"oursim",256,184.96097056195,185.056208657188,1.95499095588642,1.71287965353415,0.273384652747735,0.298078678255772,"BM1",1.20832058389655,0.96620928154428
"54",1,-98.2285516752483,-188.766539053247,0.908039058913915,0.570586201736377,0,NA,"BM1_24_OU1","BM1_24","OU1","OU1",4,"oursim",256,204.457103350497,204.616465900297,21.4511237444329,21.2731368966433,1.59677118290872e-05,1.6860677406332e-05,"BM1",0.0194252565231352,0.0194252565231352
"55",1,-85.5221992397595,-135.413132170087,0.612269489934144,1e-10,0,NA,"BM1_25_BM1","BM1_25","BM1","BM1",3,"oursim",256,177.044398479519,177.139636574757,0,0,0.933663572115875,0.940775488350242,"BM1",0.762275494053029,0.520164191700758
"56",1,-85.1672600102656,-161.608149603992,0.78728549319912,0.751731150270219,0,NA,"BM1_25_OUM","BM1_25","OUM","OUM",6,"oursim",256,182.334520020531,182.671869418122,5.29012154101221,5.53223284336448,0.0662910835467926,0.0591802635942935,"BM1",0.0573736277350747,0.299484930087345
"57",1,-94.4547853880385,-173.275611887244,0.856655128287891,0.572725858037996,0,NA,"BM1_25_OU1","BM1_25","OU1","OU1",4,"oursim",256,196.909570776077,197.068933325878,19.8651722965581,19.9292967511208,4.53443373322708e-05,4.42480554642318e-05,"BM1",3.96341411818199,3.96341411818199
"58",1,-76.9171160107149,-64.9353906541882,0.535262158174819,1e-10,0,NA,"BM1_26_BM1","BM1_26","BM1","BM1",3,"oursim",256,159.83423202143,159.929470116668,0,0,0.976097849146213,0.977079064019048,"BM1",0.0244491325939293,0.303408716602519
"59",1,-79.7623636385052,-93.8084847379102,0.740809857436637,0.828141467680259,0,NA,"BM1_26_OU1","BM1_26","OU1","OU1",4,"oursim",256,167.52472727701,167.684089826811,7.69049525558074,7.75461971014343,0.0208700519200571,0.0202318423858501,"BM1",0.0614014273299972,0.031648135529565
"60",1,-79.6914237502696,-93.7288974752651,0.740389328481772,0.829778583624865,0,NA,"BM1_26_OUM","BM1_26","OUM","OUM",6,"oursim",256,171.382847500539,171.72019689813,11.5486154791096,11.7907267814618,0.00303209893372964,0.0026890935951022,"BM1",0.247281312637824,0.489392614990095
"61",1,-70.819910117636,-63.3389446341108,0.486621916378148,1e-10,0,NA,"BM1_27_BM1","BM1_27","BM1","BM1",3,"oursim",256,147.639820235272,147.73505833051,0,0,0.995494343777946,0.995737824452016,"BM1",0.615981277680646,0.373869975328375
"62",1,-75.5400615775109,-94.6300104722366,0.675851115829614,0.749268616042097,0,NA,"BM1_27_OU1","BM1_27","OU1","OU1",4,"oursim",256,159.080123155022,159.239485704823,11.4403029197497,11.5044273743124,0.00326443918351452,0.00316220733448465,"BM1",0.275823689762206,0.275823689762206
"63",1,-74.5070571783635,-93.450704012674,0.668853754178631,0.767187928039613,0,NA,"BM1_27_OUM","BM1_27","OUM","OUM",6,"oursim",256,161.014114356727,161.351463754317,13.3742941214548,13.6164054238071,0.00124121703853914,0.0010999682134999,"BM1",0.838017611963295,0.979091718104854
"64",1,-91.591126945121,-159.046397588318,0.673150335272169,1e-10,0,NA,"BM1_28_BM1","BM1_28","BM1","BM1",3,"oursim",256,189.182253890242,189.27749198548,0,0,0.944286955542212,0.950322620428525,"BM1",0.310783367179965,0.246658912617278
"65",1,-91.4215533570276,-186.395548612343,0.842019980688714,0.661099969728134,0,NA,"BM1_28_OUM","BM1_28","OUM","OUM",6,"oursim",256,194.843106714055,195.180456111646,5.66085282381334,5.90296412616561,0.0557013111623599,0.049665943874631,"BM1",0.496615663937348,0.738726966289619
"66",1,-101.886881759014,-199.058738852968,0.949954018794844,0.53463712501302,0,NA,"BM1_28_OU1","BM1_28","OU1","OU1",4,"oursim",256,211.773763518028,211.933126067829,22.5915096277858,22.6556340823485,1.1733295428103e-05,1.14356968441475e-05,"BM1",0.598271149596286,0.598271149596286
"67",1,-71.7059610362816,-81.9476710689741,0.49340609453414,1e-10,0,NA,"BM1_29_BM1","BM1_29","BM1","BM1",3,"oursim",256,149.411922072563,149.507160167801,0,0,0.995243299791016,0.995775831234665,"BM1",0.119672486624125,0.119672486624125
"68",1,-74.0688203690161,-111.437084008861,0.648499231221849,0.693212926406707,0,NA,"BM1_29_OUM","BM1_29","OUM","OUM",6,"oursim",256,160.137640738032,160.474990135623,10.725718665469,10.9678299678213,0.00466518689594568,0.0041354956128604,"BM1",0.551483798530512,0.022632385188615
"69",1,-80.0002190855482,-118.357511457382,0.69423986818812,0.619626445758683,0,NA,"BM1_29_OU1","BM1_29","OU1","OU1",4,"oursim",256,168.000438171096,168.159800720897,18.5885160985332,18.6526405530959,9.15133130385187e-05,8.86731524743607e-05,"BM1",0.609907606839414,0.674032061402102
"70",1,-85.1459005168199,-70.8527120694391,0.608703485758261,1e-10,0,NA,"BM1_3_BM1","BM1_3","BM1","BM1",3,"oursim",256,176.29180103364,176.387039128878,0,0,0.54791548637449,0.565096948970671,"BM1",0.337620069767183,0.337620069767183
"71",1,-84.9054270539101,-96.2730488069961,0.830454195060224,0.932648394170796,0,NA,"BM1_3_OU1","BM1_3","OU1","OU1",4,"oursim",256,177.81085410782,177.970216657621,1.51905307418053,1.58317752874322,0.256363027471542,0.256059168097047,"BM1",0.595391907118227,0.539803712724279
"72",1,-83.1753289102723,-94.4879482749857,0.820429640451169,0.97884991204967,0,NA,"BM1_3_OUM","BM1_3","OUM","OUM",6,"oursim",256,178.350657820545,178.688007218135,2.05885678690481,2.30096808925708,0.195721486153968,0.178843882932282,"BM1",0.0222329804981882,0.119712648956636
"73",1,-82.2995224507448,-81.6616311929922,0.582224747298693,1e-10,0,NA,"BM1_4_BM1","BM1_4","BM1","BM1",3,"oursim",256,170.59904490149,170.694282996728,0,0,0.963470948886273,0.966945681313216,"BM1",1.02591390140191,0.783802599049636
"74",1,-82.7822813356099,-108.04441960192,0.783410076288833,0.854610888624895,0,NA,"BM1_4_OUM","BM1_4","OUM","OUM",6,"oursim",256,177.56456267122,177.90191206881,6.96551776973007,7.20762907208234,0.0296002690520771,0.0263199652313587,"BM1",0.0683045888109461,0.246291436600529
"75",1,-86.2343807374193,-112.010046309754,0.803852576505095,0.768616731874094,0,NA,"BM1_4_OU1","BM1_4","OU1","OU1",4,"oursim",256,180.468761474839,180.628124024639,9.86971657334888,9.93384102791157,0.00692878206164965,0.00673435345542561,"BM1",0.0641804987898809,0.128304953352568
"76",1,-86.2351852347506,-82.7892457575286,0.619152160573467,1e-10,0,NA,"BM1_5_BM1","BM1_5","BM1","BM1",3,"oursim",256,178.470370469501,178.565608564739,0,0,0.995153150801483,0.995362398143976,"BM1",0.122398653395635,0.144631633893823
"77",1,-90.7144564014296,-113.689289024177,0.861875696604151,0.767682938223409,0,NA,"BM1_5_OU1","BM1_5","OU1","OU1",4,"oursim",256,189.428912802859,189.58827535266,10.9585423333581,11.0226667879207,0.00415214670593417,0.00402197669167747,"BM1",0.279665377122939,0.101678529333356
"78",1,-90.5023534737592,-113.447103360271,0.860128733437034,0.77160910362772,0,NA,"BM1_5_OUM","BM1_5","OUM","OUM",6,"oursim",256,193.004706947518,193.342056345109,14.5343364780173,14.7764477803696,0.00069470249258267,0.000615625164346072,"BM1",1.83839976653684,1.83839976653684
"79",1,-87.2985332140956,-119.546004700551,0.629501371327896,1e-10,0,NA,"BM1_6_BM1","BM1_6","BM1","BM1",3,"oursim",256,180.597066428191,180.692304523429,0,0,0.934899397888187,0.941887741116486,"BM1",0.445583652009418,0.223503101123271
"80",1,-86.9635899217472,-146.391709505742,0.79184731082356,0.688490925923952,0,NA,"BM1_6_OUM","BM1_6","OUM","OUM",6,"oursim",256,185.927179843494,186.264529241085,5.33011341530326,5.57222471765553,0.0650647039404777,0.0580772335610732,"BM1",0.658714361918612,0.836701209708195
"81",1,-96.4660410642798,-157.398500629125,0.887907040850929,0.585898310105735,0,NA,"BM1_6_OU1","BM1_6","OU1","OU1",4,"oursim",256,200.93208212856,201.09144467836,20.3350157003686,20.3991401549312,3.58981713351097e-05,3.50253224409025e-05,"BM1",0.160760453555866,0.181600612326577
"82",1,-84.9468135583355,-90.0423203536697,0.606812949394977,1e-10,0,NA,"BM1_7_BM1","BM1_7","BM1","BM1",3,"oursim",256,175.893627116671,175.988865211909,0,0,0.998825342661119,0.998888892883395,"BM1",0.398173916968801,0.398173916968801
"83",1,-91.0128406526703,-123.126592710457,0.847680990749534,0.702995695901859,0,NA,"BM1_7_OU1","BM1_7","OU1","OU1",4,"oursim",256,190.025681305341,190.185043855141,14.1320541886696,14.1961786432323,0.00085261501570463,0.000825764407170479,"BM1",0.188192211844324,0.010205364054741
"84",1,-89.9864657931677,-121.932190385886,0.838644969092998,0.719146638502762,0,NA,"BM1_7_OUM","BM1_7","OUM","OUM",6,"oursim",256,191.972931586335,192.310280983926,16.0793044696645,16.3214157720168,0.000322042323176177,0.000285342709434717,"BM1",0.408322701598877,0.58630954938846
"85",1,-83.1299403346679,-94.597465261887,0.589828609529706,1e-10,0,NA,"BM1_8_BM1","BM1_8","BM1","BM1",3,"oursim",256,172.259880669336,172.355118764574,0,0,0.998744760728695,0.998829406288279,"BM1",0.319037506462308,0.254913051899621
"86",1,-89.3819405266013,-128.148813195633,0.819682462968057,0.678478957052933,0,NA,"BM1_8_OU1","BM1_8","OU1","OU1",4,"oursim",256,186.763881053203,186.923243603003,14.5040003838668,14.5681248384295,0.00070786566591766,0.000685587996671191,"BM1",0.2676693362462,0.331793790808888
"87",1,-87.6390632875886,-126.139393772399,0.803401018171003,0.701653780951856,0,NA,"BM1_8_OUM","BM1_8","OUM","OUM",6,"oursim",256,187.278126575177,187.615475972767,15.0182459058414,15.2603572081936,0.000547373605387727,0.00048500571504974,"BM1",0.25593066449747,0.433917512287053
"88",1,-88.109881571255,-168.424570958002,0.816388267825104,0.689856513683863,0,NA,"BM1_9_OUM","BM1_9","OUM","OUM",6,"oursim",256,188.21976314251,188.5571125401,0,0,0.585226299298115,0.55557205432156,"BM1",0.022649468972844,0.200636316762427
"89",1,-91.4541625070898,-144.603970796049,0.671711454753611,1e-10,0,NA,"BM1_9_BM1","BM1_9","BM1","BM1",3,"oursim",256,188.90832501418,189.003563109418,0.688561871669492,0.446450569317221,0.414767313657031,0.444421317932127,"BM1",0.273928876062371,0.273928876062371
"90",1,-101.535363761767,-184.133303142789,0.948670316157281,0.546986543653957,0,NA,"BM1_9_OU1","BM1_9","OU1","OU1",4,"oursim",256,211.070727523535,211.230090073336,22.8509643810249,22.6729775332353,6.38704485431636e-06,6.62774631297225e-06,"BM1",0.410344064981075,0.410344064981075
"91",1,-69.9669322966897,-58.3242480257004,0.480179274236547,1e-10,0,NA,"OU1_0_BM1","OU1_0","BM1","BM1",3,"oursim",256,145.93386459338,146.029102688618,0,0,0.968826547926159,0.970115627588463,"OU1",0.274723326223921,0.0326120238716499
"92",1,-72.5476314650854,-87.0048459867418,0.659044415024392,0.815175742191714,0,NA,"OU1_0_OU1","OU1_0","OU1","OU1",4,"oursim",256,153.095262930171,153.254625479972,7.16139833679136,7.22552279135405,0.0269878408684016,0.0261710509003118,"OU1",0.13760551448442,0.201729969047108
"93",1,-72.411365151472,-86.8491427969228,0.658325857182696,0.818562420062625,0,NA,"OU1_0_OUM","OU1_0","OUM","OUM",6,"oursim",256,156.822730302944,157.160079700534,10.8888657095645,11.1309770119168,0.00418561120543966,0.00371332151122489,"OU1",0.691731140463588,0.0862327134768179
"94",1,-51.0753894708243,-40.2613639442436,0.357444812568492,1e-10,0,NA,"OU1_1_BM1","OU1_1","BM1","BM1",3,"oursim",256,108.150778941649,108.246017036887,0,0,0.998840058192462,0.998920721028175,"OU1",0.299451165608616,0.299451165608616
"95",1,-57.4527129011719,-73.751225623327,0.50034972414643,0.694453609849451,0,NA,"OU1_1_OU1","OU1_1","OU1","OU1",4,"oursim",256,122.905425802344,123.064788352145,14.7546468606951,14.8187713152577,0.000624546953542538,0.000604889041373827,"OU1",0.244447116812097,0.244447116812097
"96",1,-55.6067348942024,-71.54940872758,0.491825997057428,0.728725748067279,0,NA,"OU1_1_OUM","OU1_1","OUM","OUM",6,"oursim",256,123.213469788405,123.550819185995,15.062690846756,15.3048021491083,0.000535394853995131,0.000474389930451594,"OU1",0.189537258417914,0.189537258417914
"97",1,-46.7473835117956,-38.1475692569253,0.33407163144316,1e-10,0,NA,"OU1_10_BM1","OU1_10","BM1","BM1",3,"oursim",256,99.4947670235913,99.5900051188294,0,0,0.998340938886823,0.998461426539395,"OU1",8.6560119180574,8.6560119180574
"98",1,-52.8391954744035,-71.487301191759,0.463754991608554,0.6827599960635,0,NA,"OU1_10_OU1","OU1_10","OU1","OU1",4,"oursim",256,113.678390948807,113.837753498608,14.1836239252157,14.2477483797784,0.000830508493919024,0.000804399961305467,"OU1",0.158143630008055,0.00471562030139694
"99",1,-50.8415532845542,-69.0583247164115,0.455463971205906,0.722539007358753,0,NA,"OU1_10_OUM","OU1_10","OUM","OUM",6,"oursim",256,113.683106569108,114.020455966699,14.1883395455171,14.4304508478693,0.000828552619258487,0.000734173499299241,"OU1",0.122643293670251,0.122643293670251
"100",1,-65.5192119405217,-60.5028223656137,0.447942195291262,1e-10,0,NA,"OU1_11_BM1","OU1_11","BM1","BM1",3,"oursim",256,137.038423881043,137.133661976282,0,0,0.99650803228639,0.996710151984805,"OU1",1.10947727534116,0.867365972988893
"101",1,-70.5610043143988,-92.3220110321583,0.620616169289976,0.726565763221524,0,NA,"OU1_11_OU1","OU1_11","OU1","OU1",4,"oursim",256,149.122008628798,149.281371178598,12.0835847477542,12.1477092023169,0.0023689926586338,0.00229470755037074,"OU1",0.0510118192594007,0.141353299650234
"102",1,-69.3074876779743,-90.8185893002475,0.614154720970592,0.754407442087368,0,NA,"OU1_11_OUM","OU1_11","OUM","OUM",6,"oursim",256,150.614975355949,150.952324753539,13.5765514749051,13.8186627772573,0.0011229750549766,0.000995140464823942,"OU1",0.134767277925562,0.143178477118994
"103",1,-64.8138517887227,-58.3279336071034,0.443032265781182,1e-10,0,NA,"OU1_12_BM1","OU1_12","BM1","BM1",3,"oursim",256,135.627703577445,135.722941672684,0,0,0.749438935043792,0.770781770941833,"OU1",0.674670525497049,0.432559223144779
"104",1,-62.9528949270162,-82.2290254873306,0.581079895143191,0.891662930011006,0,NA,"OU1_12_OUM","OU1_12","OUM","OUM",6,"oursim",256,137.905789854032,138.243139251623,2.27808627658695,2.52019757893922,0.239914282110303,0.218613755076561,"OU1",0.132776860993658,0.342699442079436
"105",1,-68.067918862365,-87.976114972326,0.605709223927766,0.771157690767698,0,NA,"OU1_12_OU1","OU1_12","OU1","OU1",4,"oursim",256,144.13583772473,144.295200274531,8.50813414728455,8.57225860184724,0.0106467828459058,0.0106044739816059,"OU1",0.315733550915752,0.37985800547844
"106",1,-54.380638393646,-41.6361692698961,0.376389798798664,1e-10,0,NA,"OU1_13_BM1","OU1_13","BM1","BM1",3,"oursim",256,114.761276787292,114.85651488253,0,0,0.99797598091429,0.998072574826043,"OU1",0.945862797991367,0.945862797991367
"107",1,-59.8009449629283,-73.8118490952688,0.524970316868575,0.72886495024553,0,NA,"OU1_13_OU1","OU1_13","OU1","OU1",4,"oursim",256,127.601889925857,127.761252475657,12.8406131385645,12.9047375931272,0.00162486159446831,0.00157374353346511,"OU1",0.204476136146255,0.0264892883566858
"108",1,-59.2047668275286,-73.1170484016124,0.521909220372405,0.739504748463691,0,NA,"OU1_13_OUM","OU1_13","OUM","OUM",6,"oursim",256,130.409533655057,130.746883052648,15.6482568677652,15.8903681701174,0.000399157491241437,0.000353681640491714,"OU1",0.513880261992284,0.513880261992284
"109",1,-65.5129799879462,-64.9419074528007,0.447898793470444,1e-10,0,NA,"OU1_14_BM1","OU1_14","BM1","BM1",3,"oursim",256,137.025959975892,137.12119807113,0,0,0.960956948420585,0.96519978882604,"OU1",0.012463905151094,0.012463905151094
"110",1,-65.7336938812563,-91.4898794935127,0.585696434403806,0.780187436779242,0,NA,"OU1_14_OUM","OU1_14","OUM","OUM",6,"oursim",256,143.467387762513,143.804737160103,6.44142778662024,6.68353908897251,0.0383676906431977,0.0341432725820345,"OU1",0.367157221777461,0.0360092734448472
"111",1,-71.7734176078821,-98.4437307832768,0.623524330101331,0.683310028317757,0,NA,"OU1_14_OU1","OU1_14","OU1","OU1",4,"oursim",256,151.546835215764,151.706197765565,14.5208752398717,14.5849996944344,0.000675360936217771,0.000656938591925912,"OU1",0.343825076430562,0.343825076430562
"112",1,-64.5989486460456,-48.6699886528202,0.441547127327392,1e-10,0,NA,"OU1_15_BM1","OU1_15","BM1","BM1",3,"oursim",256,135.197897292091,135.293135387329,0,0,0.825911893367861,0.836716972076111,"OU1",0.0291203516460428,0.138972484986567
"113",1,-63.8157632519313,-73.5759182428979,0.594917260425834,0.918865137602578,0,NA,"OU1_15_OUM","OU1_15","OUM","OUM",6,"oursim",256,139.631526503863,139.968875901453,4.4336292117714,4.67574051412367,0.0899877450836027,0.0807708077946284,"OU1",0.274288569879388,0.135325258640222
"114",1,-65.8834258812514,-75.8195300313458,0.603168270697474,0.862915115055252,0,NA,"OU1_15_OU1","OU1_15","OU1","OU1",4,"oursim",256,139.766851762503,139.926214312304,4.56895447041163,4.63307892497431,0.0841003615485364,0.0825122201292603,"OU1",0.0426615891493611,0.381074613591437
"115",1,-54.9220352369919,-41.3655189548842,0.379587377203546,1e-10,0,NA,"OU1_16_BM1","OU1_16","BM1","BM1",3,"oursim",256,115.844070473984,115.939308569222,0,0,0.989895737835324,0.990504888281087,"OU1",0.0470918967349689,0.0470918967349689
"116",1,-58.9458750789443,-71.8229441183437,0.524365537360061,0.766036610093564,0,NA,"OU1_16_OU1","OU1_16","OU1","OU1",4,"oursim",256,125.891750157889,126.051112707689,10.0476796839048,10.1118041384675,0.00651273688498707,0.00631111731914564,"OU1",0.0655706400822993,0.533542443098668
"117",1,-57.5410578779937,-70.2217112658583,0.517669735404238,0.793163343923008,0,NA,"OU1_16_OUM","OU1_16","OUM","OUM",6,"oursim",256,127.082115755987,127.419465153578,11.2380452820035,11.4801565843558,0.00359152527968872,0.00318399439976784,"OU1",0.341787322079639,0.519774169869208
"118",1,-54.9455811853594,-51.9575832424167,0.379727125743593,1e-10,0,NA,"OU1_17_BM1","OU1_17","BM1","BM1",3,"oursim",256,115.891162370719,115.986400465957,0,0,0.9917260153137,0.992563528095846,"OU1",0.295383433344568,0.295383433344568
"119",1,-56.8896669750907,-80.5182503375228,0.504819676937529,0.744011732624774,0,NA,"OU1_17_OUM","OU1_17","OUM","OUM",6,"oursim",256,125.779333950181,126.116683347772,9.88817157946255,10.1302828818148,0.0070664701606266,0.00626607134027315,"OU1",0.645958650805937,0.11241620770727
"120",1,-60.6564639242399,-84.8999549848435,0.524245509078238,0.684145771795722,0,NA,"OU1_17_OU1","OU1_17","OU1","OU1",4,"oursim",256,129.31292784848,129.472290398281,13.4217654777611,13.4858899323237,0.00120751452567345,0.00117040056388046,"OU1",0.268817379595049,0.285500919149911
"121",1,-58.060952469946,-41.921927698372,0.39866807933361,1e-10,0,NA,"OU1_18_BM1","OU1_18","BM1","BM1",3,"oursim",256,122.121904939892,122.21714303513,0,0,0.665691197917711,0.691131835542647,"OU1",0.0702995667022321,0.00617511213954458
"122",1,-55.7982551217101,-65.3141916394552,0.527532977460639,0.935895918605933,0,NA,"OU1_18_OUM","OU1_18","OUM","OUM",6,"oursim",256,123.59651024342,123.93385964101,1.47460530352816,1.71671660588042,0.318468396636962,0.292941313029337,"OU1",0.0799055514117839,0.32201685376404
"123",1,-60.7992143838149,-70.7349491364198,0.549303826003664,0.819570783983733,0,NA,"OU1_18_OU1","OU1_18","OU1","OU1",4,"oursim",256,129.59842876763,129.757791317431,7.47652382773782,7.54064828230051,0.0158404054453266,0.0159268514280161,"OU1",0.4817002122997,0.0474409150078259
"124",1,-70.4067629178283,-63.6935408471196,0.483490869523644,1e-10,0,NA,"OU1_19_BM1","OU1_19","BM1","BM1",3,"oursim",256,146.813525835657,146.908763930895,0,0,0.75161310957291,0.773202281676131,"OU1",0.00359043936009584,0.00359043936009584
"125",1,-68.5336272681673,-87.5866875939607,0.634090691073524,0.890311267685823,0,NA,"OU1_19_OUM","OU1_19","OUM","OUM",6,"oursim",256,149.067254536335,149.404603933925,2.25372870067812,2.4958400030304,0.243558548515383,0.221987416263216,"OU1",0.102556233876271,0.0547540924629857
"126",1,-74.4544815082104,-94.1853704524585,0.667856939328182,0.764695425540883,0,NA,"OU1_19_OU1","OU1_19","OU1","OU1",4,"oursim",256,156.908963016421,157.068325566222,10.0954371807643,10.159561635327,0.00482834191170715,0.00481030206065254,"OU1",0.0917541343127652,0.783485274776353
"127",1,-66.1690818681834,-84.9855029085279,0.452514060554623,1e-10,0,NA,"OU1_2_BM1","OU1_2","BM1","BM1",3,"oursim",256,138.338163736367,138.433401831605,0,0,0.81437747237816,0.831973164492269,"OU1",0.469876726925264,0.469876726925264
"128",1,-64.6487362147728,-109.737482421501,0.57710785190598,0.787979510700752,0,NA,"OU1_2_OUM","OU1_2","OUM","OUM",6,"oursim",256,141.297472429546,141.634821827136,2.95930869317891,3.20141999553118,0.185447094627762,0.16785326721415,"OU1",0.0873920448312617,0.0873920448312617
"129",1,-73.6120039610886,-120.579270459653,0.62782358409513,0.617393168037453,0,NA,"OU1_2_OU1","OU1_2","OU1","OU1",4,"oursim",256,155.224007922177,155.383370471978,16.8858441858104,16.9499686403731,0.000175432994077314,0.000173568293580588,"OU1",1.47686789214944,1.47686789214944
"130",1,-68.7516985179787,-68.7041535655315,0.471147707895593,1e-10,0,NA,"OU1_20_BM1","OU1_20","BM1","BM1",3,"oursim",256,143.503397035957,143.598635131196,0,0,0.99899842544421,0.999044231993749,"OU1",0.0873961400662893,0.0873961400662893
"131",1,-74.8462241455986,-101.958242610615,0.655707456927647,0.690319052143831,0,NA,"OU1_20_OU1","OU1_20","OU1","OU1",4,"oursim",256,157.692448291197,157.851810840998,14.1890512552397,14.2531757098024,0.000828803300596858,0.000802688307059395,"OU1",1.38767486382463,1.38767486382463
"132",1,-74.4142385042065,-101.435478005602,0.653027889502685,0.698374255549424,0,NA,"OU1_20_OUM","OU1_20","OUM","OUM",6,"oursim",256,160.828477008413,161.165826406003,17.3250799724556,17.5671912748079,0.000172771255192956,0.000153079699191836,"OU1",0.103495590205313,0.102758830501955
"133",1,-68.7953965880119,-57.2864828150216,0.471469218681464,1e-10,0,NA,"OU1_21_BM1","OU1_21","BM1","BM1",3,"oursim",256,143.590793176024,143.686031271262,0,0,0.967152542170358,0.968634660233866,"OU1",0.118705888841134,0.421738656055908
"134",1,-71.3790769165338,-86.0006841319604,0.646023056895461,0.809989577808437,0,NA,"OU1_21_OU1","OU1_21","OU1","OU1",4,"oursim",256,150.758153833068,150.917516382868,7.16736065704379,7.23148511160647,0.0268610129431352,0.0260533134886706,"OU1",0.0348083706705893,0.233700103158839
"135",1,-70.8802550910377,-85.4344280117497,0.643480305293793,0.82165664052947,0,NA,"OU1_21_OUM","OU1_21","OUM","OUM",6,"oursim",256,153.760510182075,154.097859579666,10.1697170060516,10.4118283084039,0.00598644488650661,0.00531202627746379,"OU1",0.180296338654557,0.180296338654557
"136",1,-55.0932729020317,-35.624982523021,0.380604308333633,1e-10,0,NA,"OU1_22_BM1","OU1_22","BM1","BM1",3,"oursim",256,116.186545804063,116.281783899302,0,0,0.789090408167924,0.802632637090988,"OU1",0.150879397908511,0.150879397908511
"137",1,-53.9446508017813,-60.1098252570356,0.514747015249688,0.949736144656511,0,NA,"OU1_22_OUM","OU1_22","OUM","OUM",6,"oursim",256,119.889301603563,120.226651001153,3.70275579949927,3.94486710185153,0.123903495474086,0.111660561696227,"OU1",0.52906277424249,0.707049622032059
"138",1,-56.2981756127974,-62.6412953877382,0.521637200438961,0.87692927474975,0,NA,"OU1_22_OU1","OU1_22","OU1","OU1",4,"oursim",256,120.596351225595,120.755713775396,4.40980542153133,4.47392987609402,0.0870060963579899,0.0857068012127844,"OU1",0.624774148620503,0.68889860318319
"139",1,-51.2251150536287,-29.3682015588148,0.358282010129658,1e-10,0,NA,"OU1_23_BM1","OU1_23","BM1","BM1",3,"oursim",256,108.450230107257,108.545468202495,0,0,0.927302896738659,0.930199793931535,"OU1",1.99563537602658,1.75352407367433
"140",1,-52.9182672894075,-56.882092434719,0.494393167149871,0.874363380092508,0,NA,"OU1_23_OU1","OU1_23","OU1","OU1",4,"oursim",256,113.836534578815,113.995897128616,5.38630447155771,5.4504289261204,0.0627480828820321,0.0609579896223395,"OU1",0.0245588380829105,0.924742208476999
"141",1,-52.7599212232892,-56.7076847081645,0.493819111030666,0.878819897778723,0,NA,"OU1_23_OUM","OU1_23","OUM","OUM",6,"oursim",256,117.519842446578,117.857191844169,9.06961233932105,9.31172364167331,0.00994902037930894,0.00884221644612556,"OU1",1.40589777044461,1.64800907279687
"142",1,-41.3420055230173,-21.6972769909604,0.307015037982871,1e-10,0,NA,"OU1_24_BM1","OU1_24","BM1","BM1",3,"oursim",256,88.6840110460347,88.7792491412728,0,0,0.946380294488431,0.948567824531565,"OU1",6.10471382550557,6.04058937094288
"143",1,-43.3623002084888,-49.7543180904779,0.419243515480537,0.826475968834114,0,NA,"OU1_24_OU1","OU1_24","OU1","OU1",4,"oursim",256,94.7246004169776,94.8839629667784,6.04058937094288,6.10471382550557,0.046170903505443,0.0448173966092254,"OU1",3.82658002882023,3.64859318103066
"144",1,-43.1865967990041,-49.5550507342126,0.418716949830733,0.83092893551512,0,NA,"OU1_24_OUM","OU1_24","OUM","OUM",6,"oursim",256,98.3731935980082,98.7105429955986,9.68918255197354,9.9312938543258,0.00744880200612592,0.00661477885920924,"OU1",0.879462123230795,1.12157342558305
"145",1,-55.168712600986,-38.3189793680601,0.381053206506666,1e-10,0,NA,"OU1_25_BM1","OU1_25","BM1","BM1",3,"oursim",256,116.337425201972,116.43266329721,0,0,0.957617134001117,0.959741301979534,"OU1",0.180002841210921,0.180002841210921
"146",1,-57.5749364595779,-66.7764295589416,0.5230372556424,0.823806865357601,0,NA,"OU1_25_OU1","OU1_25","OU1","OU1",4,"oursim",256,123.149872919156,123.309235468957,6.81244771718394,6.87657217174663,0.0317605256883192,0.0308265917244331,"OU1",0.241583717038438,0.0635968692488689
"147",1,-56.6702012879564,-65.7632610145055,0.519246011066072,0.845154380588967,0,NA,"OU1_25_OUM","OU1_25","OUM","OUM",6,"oursim",256,125.340402575913,125.677751973503,9.00297737394098,9.24508867629324,0.0106223403105641,0.00943210629603267,"OU1",0.373360734186193,0.14401475662109
"148",1,-59.742208666267,-64.8279621662248,0.409279599491285,1e-10,0,NA,"OU1_26_BM1","OU1_26","BM1","BM1",3,"oursim",256,125.484417332534,125.579655427772,0,0,0.744762228123029,0.767066720109187,"OU1",0.0980965457311669,0.294916617647402
"149",1,-57.8141896071066,-89.0918710286106,0.520660286237544,0.800085490352988,0,NA,"OU1_26_OUM","OU1_26","OUM","OUM",6,"oursim",256,127.628379214213,127.965728611804,2.14396188167927,2.38607318403153,0.254954237869068,0.232650468949795,"OU1",0.176288502751348,0.354006266663504
"150",1,-66.6156968825018,-99.4211398381146,0.568231334756933,0.646283769715127,0,NA,"OU1_26_OU1","OU1_26","OU1","OU1",4,"oursim",256,141.231393765004,141.390756314804,15.7469764324697,15.8111008870324,0.000283534007903086,0.000282810941018494,"OU1",0.244065512331588,0.0660786645420046
"151",1,-74.5501956932857,-59.345297562456,0.515827862114919,1e-10,0,NA,"OU1_27_BM1","OU1_27","BM1","BM1",3,"oursim",256,155.100391386571,155.195629481809,0,0,0.898585782143626,0.902625376474937,"OU1",0.18774099016855,0.123616535605862
"152",1,-75.8972783497305,-86.5075100209567,0.708306279815305,0.875898884276306,0,NA,"OU1_27_OU1","OU1_27","OU1","OU1",4,"oursim",256,159.794556699461,159.953919249262,4.69416531288965,4.75828976745234,0.0859477469368026,0.0836099655503542,"OU1",0.301591969197204,0.0396753219687582
"153",1,-75.6123433531442,-86.1992379169007,0.706697685397535,0.882534464854484,0,NA,"OU1_27_OUM","OU1_27","OUM","OUM",6,"oursim",256,163.224686706288,163.562036103879,8.12429531971705,8.36640662206932,0.0154664709195713,0.0137646579747091,"OU1",0.131226247591911,0.131226247591911
"154",1,-57.642624914389,-42.5700864699289,0.396070352317452,1e-10,0,NA,"OU1_28_BM1","OU1_28","BM1","BM1",3,"oursim",256,121.285249828778,121.380487924016,0,0,0.964340616920049,0.966287057398955,"OU1",0.385200225605175,0.143088923252918
"155",1,-60.3001414039025,-71.3654866923388,0.543117534813415,0.808768395560839,0,NA,"OU1_28_OU1","OU1_28","OU1","OU1",4,"oursim",256,128.600282807805,128.759645357606,7.31503297902705,7.37915743358974,0.0248766118700722,0.0241402901276865,"OU1",0.527213869757134,0.527213869757134
"156",1,-59.1361198816385,-70.0578832291728,0.537802218619674,0.83460149903302,0,NA,"OU1_28_OUM","OU1_28","OUM","OUM",6,"oursim",256,130.272239763277,130.609589160867,8.98698993449898,9.22910123685125,0.0107827712098792,0.00957265247335856,"OU1",0.137293891780274,0.137293891780274
"157",1,-68.6111286774132,-73.1821996849856,0.470114042043948,1e-10,0,NA,"OU1_29_BM1","OU1_29","BM1","BM1",3,"oursim",256,143.222257354826,143.317495450064,0,0,0.795585270858089,0.814385911377686,"OU1",0.281139681131123,0.245130407686275
"158",1,-66.9832383086256,-97.4301237220259,0.613483132821778,0.860300696661404,0,NA,"OU1_29_OUM","OU1_29","OUM","OUM",6,"oursim",256,145.966476617251,146.303826014842,2.74421926242479,2.98633056477706,0.201737712829915,0.182960277029949,"OU1",0.346539045354461,0.346539045354461
"159",1,-73.3055038530652,-104.807591670205,0.644542323753074,0.711221550536624,0,NA,"OU1_29_OU1","OU1_29","OU1","OU1",4,"oursim",256,154.61100770613,154.770370255931,11.3887503513041,11.4528748058668,0.00267701631199563,0.00265381159236548,"OU1",0.256535972879448,0.320660427442135
"160",1,-55.2587140215914,-37.4494954942506,0.381589513469954,1e-10,0,NA,"OU1_3_BM1","OU1_3","BM1","BM1",3,"oursim",256,116.517428043183,116.612666138421,0,0,0.880529885344789,0.888732409561757,"OU1",1.24452570574779,1.00241440339553
"161",1,-54.8464145310348,-62.7465110535163,0.51549188041858,0.910411141744182,0,NA,"OU1_3_OUM","OU1_3","OUM","OUM",6,"oursim",256,121.69282906207,122.03017845966,5.17540101888679,5.41751232123904,0.0662094604115117,0.0592070147912994,"OU1",0.171816595274962,0.413927897627218
"162",1,-57.0640400260158,-65.1805068859169,0.523126984555074,0.848853938445642,0,NA,"OU1_3_OU1","OU1_3","OU1","OU1",4,"oursim",256,122.128080052032,122.287442601832,5.61065200884869,5.67477646341138,0.0532606542436996,0.052060575646944,"OU1",0.777345750312236,0.777345750312236
"163",1,-56.5839257596876,-61.4448882158567,0.389572542970626,1e-10,0,NA,"OU1_4_BM1","OU1_4","BM1","BM1",3,"oursim",256,119.167851519375,119.263089614613,0,0,0.892246325204173,0.9033145519698,"OU1",0.0899720662225718,0.0899720662225718
"164",1,-55.7015035234113,-86.8199537007848,0.502431574428298,0.790147605346862,0,NA,"OU1_4_OUM","OU1_4","OUM","OUM",6,"oursim",256,123.403007046823,123.740356444413,4.2351555274474,4.47726682979966,0.107357510011514,0.0962970243863973,"OU1",0.193503196597504,0.193503196597504
"165",1,-63.3035930357589,-95.8777461178953,0.539660531156154,0.646748075941315,0,NA,"OU1_4_OU1","OU1_4","OU1","OU1",4,"oursim",256,134.607186071518,134.766548621319,15.4393345521426,15.5034590067052,0.000396164784312381,0.000388423643802344,"OU1",0.526586766010666,0.555707117656709
"166",1,-54.8535697926417,-50.7974187369095,0.379181456435258,1e-10,0,NA,"OU1_5_BM1","OU1_5","BM1","BM1",3,"oursim",256,115.707139585283,115.802377680521,0,0,0.943935699345373,0.949847625175367,"OU1",0.136930888700476,0.136930888700476
"167",1,-54.7141693760154,-76.8686820156446,0.496067344352968,0.797182862065344,0,NA,"OU1_5_OUM","OU1_5","OUM","OUM",6,"oursim",256,121.428338752031,121.765688149621,5.72119916674745,5.96331046909971,0.0540256246924525,0.0481656611374758,"OU1",0.264490310038781,0.264490310038781
"168",1,-59.9913272823771,-82.9725214467293,0.521766006097213,0.701237147827159,0,NA,"OU1_5_OU1","OU1_5","OU1","OU1",4,"oursim",256,127.982654564754,128.142017114555,12.2755149794708,12.3396394340335,0.0020386759621745,0.00198671368715682,"OU1",0.17771776391217,0.617628243050802
"169",1,-68.4550845245674,-58.1346595401165,0.468969112726148,1e-10,0,NA,"OU1_6_BM1","OU1_6","BM1","BM1",3,"oursim",256,142.910169049135,143.005407144373,0,0,0.949413227980031,0.953306100002039,"OU1",0.0980721215715903,0.0980721215715903
"170",1,-68.904289069925,-84.49239572247,0.6309112921521,0.852673814847862,0,NA,"OU1_6_OUM","OU1_6","OUM","OUM",6,"oursim",256,149.80857813985,150.14592753744,6.89840909071535,7.14052039306762,0.0301637114317845,0.0268341639992894,"OU1",0.550256237722522,0.550256237722522
"171",1,-71.2942639801819,-87.1542583319894,0.643466423034491,0.801894886893282,0,NA,"OU1_6_OU1","OU1_6","OU1","OU1",4,"oursim",256,150.588527960364,150.747890510165,7.67835891122908,7.74248336579177,0.0204230605881846,0.019859735998672,"OU1",0.169625872703733,0.0264473955847393
"172",1,-58.9592635485921,-44.3119638399805,0.404303080692836,1e-10,0,NA,"OU1_7_BM1","OU1_7","BM1","BM1",3,"oursim",256,123.918527097184,124.013765192422,0,0,0.963862647201376,0.966235343824201,"OU1",1.5658902353498,1.42187547872871
"173",1,-61.8252036734888,-73.3378019006626,0.555566421822303,0.805173432716248,0,NA,"OU1_7_OU1","OU1_7","OU1","OU1",4,"oursim",256,131.650407346978,131.809769896778,7.73188024979342,7.79600470435611,0.0201863912607409,0.0195975602120131,"OU1",0.648965978760458,0.470979130970875
"174",1,-60.0606932389742,-71.3723554095285,0.548225638734716,0.841751449658511,0,NA,"OU1_7_OUM","OU1_7","OUM","OUM",6,"oursim",256,132.121386477948,132.458735875539,8.2028593807643,8.44497068311657,0.0159509615378832,0.0141670959637856,"OU1",0.656658817297853,0.656658817297853
"175",1,-61.8229348413188,-54.2649965485529,0.422804450907193,1e-10,0,NA,"OU1_8_BM1","OU1_8","BM1","BM1",3,"oursim",256,129.645869682638,129.741107777876,0,0,0.966840871322162,0.970114908583035,"OU1",0.0166835395548617,0.256272449502291
"176",1,-62.3562781807598,-80.8013616488695,0.565200527964543,0.832893293630044,0,NA,"OU1_8_OUM","OU1_8","OUM","OUM",6,"oursim",256,136.71255636152,137.04990575911,7.06668667888206,7.30879798123433,0.0282386210947077,0.0251037072973557,"OU1",0.0712923120204323,0.313403614372703
"177",1,-66.103557071616,-85.1332320270662,0.582827064773813,0.747329354691974,0,NA,"OU1_8_OU1","OU1_8","OU1","OU1",4,"oursim",256,140.207114143232,140.366476693033,10.5612444605943,10.625368915157,0.00492050758313003,0.00478138411960993,"OU1",0.554941008472582,0.61906546303527
"178",1,-64.276289628017,-65.4791869636185,0.439326628326939,1e-10,0,NA,"OU1_9_BM1","OU1_9","BM1","BM1",3,"oursim",256,134.552579256034,134.647817351272,0,0,0.998923199441542,0.999002700424376,"OU1",0.118731270046567,0.0546068154838792
"179",1,-68.7753204237056,-97.0472186195526,0.598177097265389,0.698354683793997,0,NA,"OU1_9_OUM","OU1_9","OUM","OUM",6,"oursim",256,149.550640847411,149.887990245001,14.9980615913772,15.2401728937295,0.000553024542700439,0.000490010252271969,"OU1",0.0429055534369525,0.0429055534369525
"180",1,-70.8296586631635,-99.4699986811937,0.611170339472376,0.667381154440331,0,NA,"OU1_9_OU1","OU1_9","OU1","OU1",4,"oursim",256,149.659317326327,149.818679876128,15.1067380702931,15.1708625248557,0.000523776015757302,0.000507289323351767,"OU1",0.0693103688737153,0.149260813523114
"181",1,-75.6779564769401,-136.913351413545,0.676606328497022,0.748480458244606,0,NA,"OUM_0_OUM","OUM_0","OUM","OUM",6,"oursim",256,163.35591295388,163.693262351471,0,0,0.890921569591585,0.878588912156673,"OUM",2.15061049818567,2.15061049818567
"182",1,-80.77818770627,-115.435902217978,0.568548129820867,1e-10,0,NA,"OUM_0_BM1","OUM_0","BM1","BM1",3,"oursim",256,167.55637541254,167.651613507778,4.20046245865976,3.95835115630749,0.1090738492765,0.12140614964651,"OUM",0.0324763190331225,0.0297532918004322
"183",1,-89.8560220437321,-153.375180202505,0.79822435180855,0.576336425197802,0,NA,"OUM_0_OU1","OUM_0","OU1","OU1",4,"oursim",256,187.712044087464,187.871406637265,24.3561311335839,24.1781442857943,4.58113191514859e-06,4.93819681643011e-06,"OUM",0.685705902835508,0.507719055045925
"184",1,-49.9330863922269,-79.2357744661288,0.472980883946444,0.881907095217868,0,NA,"OUM_1_OUM","OUM_1","OUM","OUM",6,"oursim",256,111.866172784454,112.203522182044,0,0,0.975766177238591,0.972732911994375,"OUM",1.63423131656354,1.81221816435311
"185",1,-56.6289117927989,-60.1376630228901,0.389846654038013,1e-10,0,NA,"OUM_1_BM1","OUM_1","BM1","BM1",3,"oursim",256,119.257823585598,119.353061680836,7.39165080114395,7.1495394987917,0.0242253010425726,0.0272578020970364,"OUM",0.849715957300234,0.607604654947977
"186",1,-63.5814465945872,-94.8504547324667,0.541408110297274,0.643406547250857,0,NA,"OUM_1_OU1","OUM_1","OU1","OU1",4,"oursim",256,135.162893189174,135.322255738975,23.2967204047206,23.1187335569311,8.52171883619303e-06,9.285908588426e-06,"OUM",0.351963435692795,0.0350041029166448
"187",1,-50.9028749313893,-141.842959038416,0.486178665894498,0.932931223258274,0,NA,"OUM_10_OUM","OUM_10","OUM","OUM",6,"oursim",256,113.805749862779,114.143099260369,0,0,0.999999977200787,0.999999974266814,"OUM",0.71341562216115,0.0307847160364076
"188",1,-71.4994223860895,-136.77921798615,0.491797467648875,1e-10,0,NA,"OUM_10_BM1","OUM_10","BM1","BM1",3,"oursim",256,148.998844772179,149.094082867417,35.1930949094004,34.9509836070481,2.27990383957732e-08,2.57329946675646e-08,"OUM",0.187288311181334,0.0684097641556605
"189",1,-82.2770499533309,-178.138447983037,0.690830181283035,0.498557505255515,0,NA,"OUM_10_OU1","OUM_10","OU1","OU1",4,"oursim",256,172.554099906662,172.713462456463,58.7483500438832,58.5703631960937,1.74967693825444e-13,1.91252543340504e-13,"OUM",0.135422713553083,0.135422713553083
"190",1,-69.2578478651042,-70.0852775869869,0.474888483186728,1e-10,0,NA,"OUM_11_BM1","OUM_11","BM1","BM1",3,"oursim",256,144.515695730208,144.610933825447,0,0,0.850268327434161,0.864903260362571,"OUM",1.13100514223672,0.888893839884446
"191",1,-68.0068451053002,-94.8271810314799,0.61783442268408,0.834876857244643,0,NA,"OUM_11_OUM","OUM_11","OUM","OUM",6,"oursim",256,148.0136902106,148.351039608191,3.49799448039207,3.74010578274434,0.147902716813311,0.133295007260639,"OUM",0.55755828929577,0.735545137085353
"192",1,-74.3996546671571,-102.171650440873,0.655373242403807,0.709922153539182,0,NA,"OUM_11_OU1","OUM_11","OU1","OU1",4,"oursim",256,156.799309334314,156.958671884115,12.2836136041057,12.3477380586684,0.00182895575252742,0.00180173237679074,"OUM",0.109653682106682,0.0234209686298641
"193",1,-58.0533784798484,-41.2048036134348,0.398620682658968,1e-10,0,NA,"OUM_12_BM1","OUM_12","BM1","BM1",3,"oursim",256,122.106756959697,122.201995054935,0,0,0.95963637753134,0.961788001577021,"OUM",0.0151479801951382,0.0151479801951382
"194",1,-60.563748338781,-69.7553670040529,0.548405977915833,0.82583605954788,0,NA,"OUM_12_OU1","OUM_12","OU1","OU1",4,"oursim",256,129.127496677562,129.286859227363,7.02073971786527,7.08486417242796,0.0286795573172977,0.0278368857723829,"OUM",0.185431170917781,0.185431170917781
"195",1,-59.4617069585247,-68.5358683747258,0.543173497508578,0.849502550391016,0,NA,"OUM_12_OUM","OUM_12","OUM","OUM",6,"oursim",256,130.923413917049,131.26076331464,8.81665695735262,9.05876825970489,0.0116840651513628,0.0103751126505961,"OUM",0.54900658213856,0.726993429928143
"196",1,-57.9911927404384,-179.095893193066,0.553309195898981,0.976610111299803,0,NA,"OUM_13_OUM","OUM_13","OUM","OUM",6,"oursim",256,127.982385480877,128.319734878467,0,0,0.999999999989878,0.999999999988575,"OUM",0.439910479138632,0.000269083877412868
"197",1,-86.3075010516975,-181.80508764488,0.619809930898934,1e-10,0,NA,"OUM_13_BM1","OUM_13","BM1","BM1",3,"oursim",256,178.615002103395,178.710240198633,50.6326166225182,50.390505320166,1.01220155055739e-11,1.14245946373818e-11,"OUM",0.0332518785708658,0.0332518785708658
"198",1,-98.3802436985973,-225.311038100704,0.879233030800815,0.467496707959025,0,NA,"OUM_13_OU1","OUM_13","OU1","OU1",4,"oursim",256,204.760487397195,204.919849946995,76.7781019163178,76.6001150685282,2.12738946066172e-17,2.32539297583966e-17,"OUM",3.86663538529049,3.93075983985318
"199",1,-67.4130898031336,-61.0214207041366,0.461395694928212,1e-10,0,NA,"OUM_14_BM1","OUM_14","BM1","BM1",3,"oursim",256,140.826179606267,140.921417701505,0,0,0.988562312972093,0.989606102530157,"OUM",0.469338613299129,0.405214158736442
"200",1,-69.1794171887863,-88.9490515540022,0.623143183407304,0.804946693252414,0,NA,"OUM_14_OUM","OUM_14","OUM","OUM",6,"oursim",256,150.358834377573,150.696183775163,9.53265477130537,9.77476607365764,0.00841422977021663,0.00746274979028776,"OUM",0.0517067350016305,0.229693582791214
"201",1,-72.2029405177334,-92.456979039153,0.639714956386103,0.740733253082587,0,NA,"OUM_14_OU1","OUM_14","OU1","OU1",4,"oursim",256,152.405881035467,152.565243585268,11.5797014291996,11.6438258837623,0.00302345725769023,0.00293114767955498,"OUM",0.0543785298831096,0.0543785298831096
"202",1,-58.95107106607,-309.801886971143,0.564053461114647,0.981106089480274,0,NA,"OUM_15_OUM","OUM_15","OUM","OUM",6,"oursim",256,129.90214213214,130.23949152973,0,0,1,1,"OUM",0.370097631136986,0.370097631136986
"203",1,-110.312980779388,-335.559168959053,0.901853468484479,1e-10,0,NA,"OUM_15_BM1","OUM_15","BM1","BM1",3,"oursim",256,226.625961558776,226.721199654015,96.7238194266365,96.4817081242843,9.92406219113587e-22,1.12011671615804e-21,"OUM",3.72788802648108,3.72788802648108
"204",1,-125.22441412682,-384.577345971436,1.30261461689493,0.389561727816932,0,NA,"OUM_15_OU1","OUM_15","OU1","OU1",4,"oursim",256,258.44882825364,258.60819080344,128.5466861215,128.36869927371,1.22023021661115e-28,1.33380127479618e-28,"OUM",2.2179940046542,2.2179940046542
"205",1,-53.9327141202729,-145.035024047171,0.508862732076842,0.918106243120639,0,NA,"OUM_16_OUM","OUM_16","OUM","OUM",6,"oursim",256,119.865428240546,120.202777638136,0,0,0.999999638525998,0.999999592008851,"OUM",0.0238733630168895,0.0238733630168895
"206",1,-71.7657972795937,-137.177268040233,0.493849027339117,1e-10,0,NA,"OUM_16_BM1","OUM_16","BM1","BM1",3,"oursim",256,149.531594559187,149.626832654425,29.6661663186416,29.4240550162893,3.61471180399661e-07,4.07988064708374e-07,"OUM",0.191847221702318,0.0190462882237625
"207",1,-82.5265328628478,-178.44528373992,0.694211970634766,0.501460810652607,0,NA,"OUM_16_OU1","OUM_16","OU1","OU1",4,"oursim",256,173.053065725696,173.212428275496,53.1876374851498,53.0096506373603,2.82131196303234e-12,3.08390110867259e-12,"OUM",0.370066480991483,0.43419093555417
"208",1,-60.4867757128662,-298.576887423462,0.64429462512532,1.17090069459789,0,NA,"OUM_17_OUM","OUM_17","OUM","OUM",6,"oursim",256,132.973551425732,133.310900823323,0,0,1,1,"OUM",0.145673288711436,0.387784591063706
"209",1,-112.176924792629,-324.330974615008,0.928552132538151,1e-10,0,NA,"OUM_17_BM1","OUM_17","BM1","BM1",3,"oursim",256,230.353849585258,230.449087680496,97.3802981595251,97.1381868571729,7.14721639920293e-22,8.06697540639837e-22,"OUM",5.30478859075762,5.06267728840535
"210",1,-126.333411129147,-371.853946155344,1.33401851980676,0.408766059134763,0,NA,"OUM_17_OU1","OUM_17","OU1","OU1",4,"oursim",256,260.666822258294,260.826184808095,127.693270832561,127.515283984772,1.86964240919751e-28,2.04365651239673e-28,"OUM",10.8162728461015,10.8162728461015
"211",1,-76.753261726033,-101.58661717832,0.727802678284643,0.909921223323193,0,NA,"OUM_18_OUM","OUM_18","OUM","OUM",6,"oursim",256,165.506523452066,165.843872849656,0,0,0.596137872731786,0.566762686464995,"OUM",0.556573238245107,0.711160195976959
"212",1,-80.1526039963317,-79.2754065060692,0.563017464185664,1e-10,0,NA,"OUM_18_BM1","OUM_18","BM1","BM1",3,"oursim",256,166.305207992663,166.400446087901,0.798684540597378,0.556573238245107,0.399866083619157,0.429084579540732,"OUM",0.0900845273115465,0.0900845273115465
"213",1,-83.7584289125185,-109.30710067171,0.772945877052487,0.767026205202516,0,NA,"OUM_18_OU1","OUM_18","OU1","OU1",4,"oursim",256,175.516857825037,175.676220374838,10.010334372971,9.8323475251814,0.00399604364905692,0.00415273399427301,"OUM",0.312644837071304,0.376769291633991
"214",1,-68.796773200424,-111.214944369155,0.621268763158981,0.816510575117192,0,NA,"OUM_19_OUM","OUM_19","OUM","OUM",6,"oursim",256,149.593546400848,149.930895798438,0,0,0.93516690770439,0.927429482139992,"OUM",0.215031739002029,0.0657709254789154
"215",1,-74.4658340667863,-90.7918198913538,0.515148691616868,1e-10,0,NA,"OUM_19_BM1","OUM_19","BM1","BM1",3,"oursim",256,154.931668133573,155.026906228811,5.33812173272452,5.09601043037225,0.0648232385007785,0.0725598360552487,"OUM",0.168723252998745,0.168723252998745
"216",1,-82.2573968606177,-126.660671953186,0.719748329019708,0.622075827463796,0,NA,"OUM_19_OU1","OUM_19","OU1","OU1",4,"oursim",256,172.514793721235,172.674156271036,22.9212473203873,22.7432604725977,9.85379483139098e-06,1.06818047595969e-05,"OUM",0.0393061854264829,0.0393061854264829
"217",1,-74.9966030374159,-235.668746684287,0.679743099604616,0.821129691061829,0,NA,"OUM_2_OUM","OUM_2","OUM","OUM",6,"oursim",256,161.993206074832,162.330555472422,0,0,0.999999999927615,0.9999999999183,"OUM",0.826476241304391,0.0369127416480239
"218",1,-101.345623618524,-235.951747274907,0.783943940097194,1e-10,0,NA,"OUM_2_BM1","OUM_2","BM1","BM1",3,"oursim",256,208.691247237048,208.786485332286,46.6980411622159,46.4559298598637,7.23851041723825e-11,8.17001784370032e-11,"OUM",2.44360474104991,2.37948028648722
"219",1,-113.827713545552,-280.131960452231,1.11589273685083,0.458573716253378,0,NA,"OUM_2_OU1","OUM_2","OU1","OU1",4,"oursim",256,235.655427091104,235.814789640905,73.6622210162723,73.4842341684827,1.01030370098285e-16,1.10433617029424e-16,"OUM",3.71831581597385,3.71831581597385
"220",1,-65.0898322849781,-112.325456971634,0.594077916673856,0.855465532544446,0,NA,"OUM_20_OUM","OUM_20","OUM","OUM",6,"oursim",256,142.179664569956,142.517013967547,0,0,0.987941736619457,0.98641116630279,"OUM",0.0181306757102107,0.14062444371018
"221",1,-72.4959269681132,-93.8352314433506,0.499533826981767,1e-10,0,NA,"OUM_20_BM1","OUM_20","BM1","BM1",3,"oursim",256,150.991853936226,151.087092031464,8.81218936627019,8.57007806391792,0.0120555971014427,0.013585923773465,"OUM",0.472322834743323,0.230211532391053
"222",1,-79.9125273836572,-129.376679249737,0.693154042026776,0.619037622429656,0,NA,"OUM_20_OU1","OUM_20","OU1","OU1",4,"oursim",256,167.825054767314,167.984417317115,25.6453901973581,25.4674033495685,2.6662791008797e-06,2.90992374462033e-06,"OUM",0.175383403782064,0.175383403782064
"223",1,-62.2033358107741,-150.320426657555,0.53647964890382,0.680292774960257,0,NA,"OUM_21_OUM","OUM_21","OUM","OUM",6,"oursim",256,136.406671621548,136.744021019139,0,0,0.866702513511083,0.85208608599076,"OUM",0.305884739971503,0.305884739971503
"224",1,-67.075459172805,-127.915115215855,0.458950676800539,1e-10,0,NA,"OUM_21_BM1","OUM_21","BM1","BM1",3,"oursim",256,140.15091834561,140.246156440848,3.74424672406172,3.50213542170945,0.133296028654142,0.147912347362512,"OUM",0.12032025218474,0.0561957976220526
"225",1,-77.4988345819629,-168.755553690144,0.642533043824863,0.505030938240056,0,NA,"OUM_21_OU1","OUM_21","OU1","OU1",4,"oursim",256,162.997669163926,163.157031713727,26.5909975423776,26.413010694588,1.45783477485908e-06,1.56664672823519e-06,"OUM",0.405004390152186,0.227017542362603
"226",1,-68.1601445068332,-86.8413293008792,0.466812929982384,1e-10,0,NA,"OUM_22_BM1","OUM_22","BM1","BM1",3,"oursim",256,142.320289013666,142.415527108904,0,0,0.562097863073305,0.591635335001459,"OUM",0.10148685864209,0.119617534352301
"227",1,-65.4098923988262,-110.851971824267,0.57341503608533,0.728286011396496,0,NA,"OUM_22_OUM","OUM_22","OUM","OUM",6,"oursim",256,142.819784797652,143.157134195243,0.499495783986106,0.741607086338377,0.437872633207025,0.408334590770095,"OUM",0.160361254821595,0.0903842514822486
"228",1,-77.0150594082399,-124.388559854619,0.655115339866266,0.585493665912122,0,NA,"OUM_22_OU1","OUM_22","OU1","OU1",4,"oursim",256,162.03011881648,162.189481366281,19.7098298028134,19.7739542573761,2.95037196696019e-05,3.0074228446162e-05,"OUM",0.141074106141559,0.96755034744595
"229",1,-68.2199532740093,-54.508921854393,0.467249459615804,1e-10,0,NA,"OUM_23_BM1","OUM_23","BM1","BM1",3,"oursim",256,142.439906548019,142.535144643257,0,0,0.925606453116227,0.930469505875033,"OUM",0.075759767451558,0.075759767451558
"230",1,-70.3746176738429,-82.6432412602444,0.641693718246579,0.83751928505045,0,NA,"OUM_23_OU1","OUM_23","OU1","OU1",4,"oursim",256,148.749235347686,148.908597897487,6.30932879966716,6.37345325422984,0.039479626255502,0.0384347760732237,"OUM",0.185484969930485,0.245798252581636
"231",1,-68.4975168001337,-80.5656367848668,0.633079151933879,0.886313123904923,0,NA,"OUM_23_OUM","OUM_23","OUM","OUM",6,"oursim",256,148.995033600267,149.332382997858,6.55512705224879,6.79723835460106,0.034913920628271,0.0310957180517437,"OUM",0.0262170258281458,0.00381117191153635
"232",1,-67.1565078313028,-109.104303668763,0.639375113300539,0.985358488401414,0,NA,"OUM_24_OUM","OUM_24","OUM","OUM",6,"oursim",256,146.313015662606,146.650365060196,0,0,0.999016025628421,0.998889565397381,"OUM",0.25839887069867,0.430489526905035
"233",1,-77.0801365616104,-93.4251613319684,0.536627479743979,1e-10,0,NA,"OUM_24_BM1","OUM_24","BM1","BM1",3,"oursim",256,160.160273123221,160.255511218459,13.8472574606153,13.605146158263,0.000983283389330471,0.00110967940386434,"OUM",0.171923793694958,0.107799339132271
"234",1,-83.3406750751007,-127.190099182137,0.741841781008438,0.662194226466752,0,NA,"OUM_24_OU1","OUM_24","OU1","OU1",4,"oursim",256,174.681350150201,174.840712700002,28.3683344875957,28.1903476398062,6.90982248844808e-07,7.55198754389345e-07,"OUM",0.331250615121945,0.0206655215832825
"235",1,-64.6924322371885,-105.210511501255,0.607680155142107,0.946633312533009,0,NA,"OUM_25_OUM","OUM_25","OUM","OUM",6,"oursim",256,141.384864474377,141.722213871967,0,0,0.937861373900103,0.930425140532366,"OUM",0.693313236937172,0.794800095579262
"236",1,-70.4085581375083,-85.2888317596293,0.483504198311261,1e-10,0,NA,"OUM_25_BM1","OUM_25","BM1","BM1",3,"oursim",256,146.817116275017,146.912354370255,5.4322518006397,5.19014049828743,0.0620211991728277,0.0694475209364755,"OUM",0.168500216846269,0.822703960255467
"237",1,-75.677973422392,-117.863883851463,0.661579017935477,0.677961162203849,0,NA,"OUM_25_OU1","OUM_25","OU1","OU1",4,"oursim",256,159.355946844784,159.515309394585,17.9710823704071,17.7930955226175,0.000117426927069362,0.000127338531158427,"OUM",0.414160722083011,0.43860985467694
"238",1,-60.4776479206819,-105.737909416354,0.548008842915427,0.823349245538431,0,NA,"OUM_26_OUM","OUM_26","OUM","OUM",6,"oursim",256,132.955295841364,133.292645238954,0,0,0.93478280633079,0.927003007856956,"OUM",0.01825558436866,0.01825558436866
"239",1,-66.1403390086892,-85.3468646403353,0.452310765489243,1e-10,0,NA,"OUM_26_BM1","OUM_26","BM1","BM1",3,"oursim",256,138.280678017378,138.375916112616,5.32538217601456,5.08327087366229,0.0652106710272529,0.0729899217538527,"OUM",0.0319357332961943,0.0574857189884597
"240",1,-74.3504379071633,-122.012770886178,0.631213638685418,0.598908459115193,0,NA,"OUM_26_OU1","OUM_26","OU1","OU1",4,"oursim",256,156.700875814327,156.860238364127,23.7455799729629,23.5675931251733,6.52264195777075e-06,7.07038919137028e-06,"OUM",0.0984335199875375,0.0984335199875375
"241",1,-60.335820623497,-52.6554430858521,0.413093441277022,1e-10,0,NA,"OUM_27_BM1","OUM_27","BM1","BM1",3,"oursim",256,126.671641246994,126.766879342232,0,0,0.952135820227012,0.95712894741098,"OUM",0.05173689850632,0.410474508993275
"242",1,-60.3890226476232,-78.6724044111878,0.549433928377349,0.840758345242373,0,NA,"OUM_27_OUM","OUM_27","OUM","OUM",6,"oursim",256,132.778045295246,133.115394692837,6.10640404825224,6.34851535060452,0.0449479731547753,0.0400320526051128,"OUM",0.177250546117421,0.177250546117421
"243",1,-65.1242446480559,-84.13096965557,0.571873193766006,0.736167950502955,0,NA,"OUM_27_OU1","OUM_27","OU1","OU1",4,"oursim",256,138.248489296112,138.407851845913,11.5768480491177,11.6409725036804,0.00291620661821255,0.00283899998390688,"OUM",0.0255499856922654,0.0321887212664933
"244",1,-66.404020231646,-77.2008274859727,0.454178189602472,1e-10,0,NA,"OUM_28_BM1","OUM_28","BM1","BM1",3,"oursim",256,138.808040463292,138.90327855853,0,0,0.980981592180021,0.983075841133586,"OUM",1.02293575377342,0.823486040570515
"245",1,-67.3717525947553,-104.633354681347,0.597793001870759,0.762088628680089,0,NA,"OUM_28_OUM","OUM_28","OUM","OUM",6,"oursim",256,146.743505189511,147.080854587101,7.93546472621861,8.17757602857088,0.0185565222668607,0.0164758925610425,"OUM",0.654203743409198,0.0700206461459061
"246",1,-73.0650120658048,-111.515092916506,0.629481938551606,0.651073947940928,0,NA,"OUM_28_OU1","OUM_28","OU1","OU1",4,"oursim",256,154.13002413161,154.28938668141,15.3219836683176,15.3861081228803,0.000461885553118017,0.000448266305371387,"OUM",0.48098357452082,0.48098357452082
"247",1,-63.6806680083981,-55.1649848331252,0.435257020386229,1e-10,0,NA,"OUM_29_BM1","OUM_29","BM1","BM1",3,"oursim",256,133.361336016796,133.456574112034,0,0,0.790986018591578,0.810032680242092,"OUM",0.957004542451784,0.714893240099514
"248",1,-62.0301314002951,-79.3724698956496,0.568721029313804,0.864659625584627,0,NA,"OUM_29_OUM","OUM_29","OUM","OUM",6,"oursim",256,136.06026280059,136.397612198181,2.69892678379409,2.94103808614636,0.205165485555693,0.186150511808697,"OUM",0.346408820957976,0.346408820957976
"249",1,-68.0062659160398,-86.0523975333739,0.60100381371401,0.750333843462442,0,NA,"OUM_29_OU1","OUM_29","OU1","OU1",4,"oursim",256,144.01253183208,144.17189438188,10.6511958152836,10.7153202698462,0.00384849585272883,0.00381680794921037,"OUM",0.123305892650308,0.123305892650308
"250",1,-57.2126463004937,-112.512893284755,0.542180757068593,0.960647001516461,0,NA,"OUM_3_OUM","OUM_3","OUM","OUM",6,"oursim",256,126.425292600987,126.762641998578,0,0,0.999998538124124,0.999998350002158,"OUM",0.00423734365450912,0.0559742421608291
"251",1,-73.648496449609,-103.328384697672,0.508611641875836,1e-10,0,NA,"OUM_3_BM1","OUM_3","BM1","BM1",3,"oursim",256,153.296992899218,153.392230994456,26.8717002982306,26.6295889958784,1.46178595788194e-06,1.64989955454457e-06,"OUM",0.705628585209695,0.463517282857424
"252",1,-82.3447613101075,-140.833953181357,0.710490546485935,0.579122953156335,0,NA,"OUM_3_OU1","OUM_3","OU1","OU1",4,"oursim",256,172.689522620215,172.848885170016,46.2642300192276,46.0862431714381,8.99185845167946e-11,9.82876005376159e-11,"OUM",0.363543105480659,0.363543105480659
"253",1,-49.1018770904658,-244.491809809451,0.498030860862119,1.07404365312687,0,NA,"OUM_4_OUM","OUM_4","OUM","OUM",6,"oursim",256,110.203754180932,110.541103578522,0,0,1,1,"OUM",1.66241860352221,1.66241860352221
"254",1,-92.2515340487597,-261.97457364783,0.680133195482428,1e-10,0,NA,"OUM_4_BM1","OUM_4","BM1","BM1",3,"oursim",256,190.503068097519,190.598306192758,80.2993139165878,80.0572026142355,3.6578469730764e-18,4.12856697265619e-18,"OUM",0.0139223604410859,1.469863488816
"255",1,-106.790275862705,-310.431083042861,0.978171524949364,0.394319818001952,0,NA,"OUM_4_OU1","OUM_4","OU1","OU1",4,"oursim",256,221.580551725409,221.73991427521,111.376797544478,111.198810696688,6.52883521278205e-25,7.13649654892778e-25,"OUM",4.98128537880442,5.0454098333671
"256",1,-83.5576312353602,-317.993021197768,0.811124663845199,0.903081526531916,0,NA,"OUM_5_OUM","OUM_5","OUM","OUM",6,"oursim",256,179.11526247072,179.452611868311,0,0,0.999999999999982,0.999999999999979,"OUM",0.30802388375335,0.486010731542933
"257",1,-118.181493936135,-326.888270213194,1.0198876768408,1e-10,0,NA,"OUM_5_BM1","OUM_5","BM1","BM1",3,"oursim",256,242.36298787227,242.458225967508,63.24772540155,63.0056140991977,1.84472202307546e-14,2.08211510056569e-14,"OUM",16.1499648359319,16.0858403813692
"258",1,-131.741547552198,-373.10335937689,1.46145980047499,0.428782992083978,0,NA,"OUM_5_OU1","OUM_5","OU1","OU1",4,"oursim",256,271.483095104395,271.642457654196,92.3678326336749,92.1898457858853,8.76153077807477e-21,9.57699683377545e-21,"OUM",NA,NA
"259",1,-71.631680964224,-84.6111094672903,0.49283365563593,1e-10,0,NA,"OUM_6_BM1","OUM_6","BM1","BM1",3,"oursim",256,149.263361928448,149.358600023686,0,0,0.911946285364207,0.921187246642999,"OUM",0.046003910239051,0.148560144115322
"260",1,-70.970403260365,-110.658985691033,0.626269212741531,0.733779166274235,0,NA,"OUM_6_OUM","OUM_6","OUM","OUM",6,"oursim",256,153.94080652073,154.27815591832,4.67744459228206,4.91955589463433,0.0879579443007681,0.078719065087687,"OUM",0.011230763090083,0.189217610879666
"261",1,-79.7930643521702,-120.928901927857,0.691402016449411,0.617042735830252,0,NA,"OUM_6_OU1","OUM_6","OU1","OU1",4,"oursim",256,167.58612870434,167.745491254141,18.3227667758926,18.3868912304553,9.57703350246513e-05,9.36882693139038e-05,"OUM",0.23892606297386,0.23892606297386
"262",1,-61.0381146284478,-174.914804052847,0.552669597284298,0.834257757748817,0,NA,"OUM_7_OUM","OUM_7","OUM","OUM",6,"oursim",256,134.076229256896,134.413578654486,0,0,0.999999998492618,0.999999998298636,"OUM",0.234238696786008,0.476349999138279
"263",1,-84.3510078358923,-172.23164938642,0.601167467623405,1e-10,0,NA,"OUM_7_BM1","OUM_7","BM1","BM1",3,"oursim",256,174.702015671785,174.797253767023,40.625786414889,40.3836751125367,1.50737937222728e-09,1.70136059163774e-09,"OUM",0.0434589329794051,0.37470954810135
"264",1,-96.5568413704431,-215.844107946755,0.854800227610095,0.468410007174906,0,NA,"OUM_7_OU1","OUM_7","OU1","OU1",4,"oursim",256,201.113682740886,201.273045290687,67.0374534839906,66.859466636201,2.77333246040735e-15,3.03145613020514e-15,"OUM",0.492748039178991,0.314761191389408
"265",1,-70.3099325022365,-172.843561521455,0.627434451269698,0.773377333022555,0,NA,"OUM_8_OUM","OUM_8","OUM","OUM",6,"oursim",256,152.619865004473,152.957214402063,0,0,0.999993885079102,0.999993098170469,"OUM",0.29741107790835,0.475397925697933
"266",1,-85.3147105517035,-161.470981709006,0.610287902759601,1e-10,0,NA,"OUM_8_BM1","OUM_8","BM1","BM1",3,"oursim",256,176.629421103407,176.724659198645,24.009556098934,23.7674447965817,6.11488763435184e-06,6.90179317186067e-06,"OUM",0.341616458472089,0.0995051561198181
"267",1,-96.4364924471295,-203.171020267689,0.861933192313404,0.498687481104604,0,NA,"OUM_8_OU1","OUM_8","OU1","OU1",4,"oursim",256,200.872984894259,201.03234744406,48.2531198897861,48.0751330419965,3.3263312273252e-11,3.63592154966552e-11,"OUM",0.0590972343006229,0.0418708400669061
"268",1,-57.2406334215741,-176.740002938739,0.575108885200707,1.08396271130455,0,NA,"OUM_9_OUM","OUM_9","OUM","OUM",6,"oursim",256,126.481266843148,126.818616240739,0,0,0.999999999999931,0.999999999999922,"OUM",0.600848912839211,0.190374403845937
"269",1,-90.5478374220057,-184.361723213237,0.662266634200965,1e-10,0,NA,"OUM_9_BM1","OUM_9","BM1","BM1",3,"oursim",256,187.095674844011,187.19091293925,60.6144080008633,60.372296698511,6.88253677639489e-14,7.76823476549568e-14,"OUM",0.424563033517927,0.182451731165656
"270",1,-102.186017333812,-227.042209906373,0.937438501111919,0.481276241433949,0,NA,"OUM_9_OU1","OUM_9","OU1","OU1",4,"oursim",256,212.372034667624,212.531397217425,85.8907678244759,85.7127809766863,2.23386407417547e-19,2.44177755090463e-19,"OUM",1.49809660379469,1.49809660379469
