"","iter","loglik","sigma","alpha","tau","converge","gene_name","regime","model","param.count","ntips","AIC","AIC_weight"
"1",1,-104.732694359347,0.826549381928239,1e-10,0,NA,"BM1_0","BM1","BM1",3,256,215.465388718693,0.999947047743914
"2",1,-86.3241269909829,0.620013161064088,1e-10,0,NA,"BM1_1","BM1","BM1",3,256,178.648253981966,0.98920017071113
"3",1,-78.6501416352893,0.722569961553964,0.806749596272562,0,NA,"BM1_10","OUM","OUM",6,256,169.300283270579,0.890261452652855
"4",1,-68.2578331577351,0.467526008138873,1e-10,0,NA,"BM1_11","BM1","BM1",3,256,142.51566631547,0.980591348839488
"5",1,-61.6684348885389,0.565052903908404,0.863613639608499,0,NA,"BM1_12","OUM","OUM",6,256,135.336869777078,0.978865904678188
"6",1,-89.1310877875409,0.647766742693256,1e-10,0,NA,"BM1_13","BM1","BM1",3,256,184.262175575082,0.999708533560873
"7",1,-77.4656179194575,0.539869231338875,1e-10,0,NA,"BM1_14","BM1","BM1",3,256,160.931235838915,0.932958652050988
"8",1,-77.6336713612457,0.710711260190874,0.802649828473499,0,NA,"BM1_15","OUM","OUM",6,256,167.267342722491,0.999539765025707
"9",1,-80.1976462599874,0.563414009691297,1e-10,0,NA,"BM1_16","BM1","BM1",3,256,166.395292519975,0.993372210985242
"10",1,-74.4659862993092,0.71123144235237,0.935323925124689,0,NA,"BM1_17","OUM","OUM",6,256,160.931972598618,0.959421633079699
"11",1,-82.9361200577647,0.588045193753731,1e-10,0,NA,"BM1_18","BM1","BM1",3,256,171.872240115529,0.991881581551285
"12",1,-84.4102847646572,0.784867611817387,0.782263433618215,0,NA,"BM1_19","OUM","OUM",6,256,180.820569529314,0.991347196241635
"13",1,-84.538362609943,0.60295230586295,1e-10,0,NA,"BM1_2","BM1","BM1",3,256,175.076725219886,0.999071120410595
"14",1,-94.7909168401725,0.707661291983849,1e-10,0,NA,"BM1_20","BM1","BM1",3,256,195.581833680345,0.948890330912814
"15",1,-87.5213250401003,0.631720449198229,1e-10,0,NA,"BM1_21","BM1","BM1",3,256,181.042650080201,0.985279714279978
"16",1,-81.3372351162492,0.573536165807622,1e-10,0,NA,"BM1_22","BM1","BM1",3,256,168.674470232498,0.993987891715897
"17",1,-67.0739631880471,0.458957147063747,1e-10,0,NA,"BM1_23","BM1","BM1",3,256,140.147926376094,0.930217124534535
"18",1,-85.5029898030318,0.800355181526065,0.78846740110165,0,NA,"BM1_24","OUM","OUM",6,256,183.005979606064,0.726599379540436
"19",1,-85.5221992397595,0.612269489934144,1e-10,0,NA,"BM1_25","BM1","BM1",3,256,177.044398479519,0.933663572115875
"20",1,-76.9171160107149,0.535262158174819,1e-10,0,NA,"BM1_26","BM1","BM1",3,256,159.83423202143,0.976097849146213
"21",1,-70.819910117636,0.486621916378148,1e-10,0,NA,"BM1_27","BM1","BM1",3,256,147.639820235272,0.995494343777946
"22",1,-91.591126945121,0.673150335272169,1e-10,0,NA,"BM1_28","BM1","BM1",3,256,189.182253890242,0.944286955542212
"23",1,-71.7059610362816,0.49340609453414,1e-10,0,NA,"BM1_29","BM1","BM1",3,256,149.411922072563,0.995243299791016
"24",1,-85.1459005168199,0.608703485758261,1e-10,0,NA,"BM1_3","BM1","BM1",3,256,176.29180103364,0.54791548637449
"25",1,-82.2995224507448,0.582224747298693,1e-10,0,NA,"BM1_4","BM1","BM1",3,256,170.59904490149,0.963470948886273
"26",1,-86.2351852347506,0.619152160573467,1e-10,0,NA,"BM1_5","BM1","BM1",3,256,178.470370469501,0.995153150801483
"27",1,-87.2985332140956,0.629501371327896,1e-10,0,NA,"BM1_6","BM1","BM1",3,256,180.597066428191,0.934899397888187
"28",1,-84.9468135583355,0.606812949394977,1e-10,0,NA,"BM1_7","BM1","BM1",3,256,175.893627116671,0.998825342661119
"29",1,-83.1299403346679,0.589828609529706,1e-10,0,NA,"BM1_8","BM1","BM1",3,256,172.259880669336,0.998744760728695
"30",1,-88.109881571255,0.816388267825104,0.689856513683863,0,NA,"BM1_9","OUM","OUM",6,256,188.21976314251,0.585226299298115
"31",1,-69.9669322966897,0.480179274236547,1e-10,0,NA,"OU1_0","BM1","BM1",3,256,145.93386459338,0.968826547926159
"32",1,-51.0753894708243,0.357444812568492,1e-10,0,NA,"OU1_1","BM1","BM1",3,256,108.150778941649,0.998840058192462
"33",1,-46.7473835117956,0.33407163144316,1e-10,0,NA,"OU1_10","BM1","BM1",3,256,99.4947670235913,0.998340938886823
"34",1,-65.5192119405217,0.447942195291262,1e-10,0,NA,"OU1_11","BM1","BM1",3,256,137.038423881043,0.99650803228639
"35",1,-64.8138517887227,0.443032265781182,1e-10,0,NA,"OU1_12","BM1","BM1",3,256,135.627703577445,0.749438935043792
"36",1,-54.380638393646,0.376389798798664,1e-10,0,NA,"OU1_13","BM1","BM1",3,256,114.761276787292,0.99797598091429
"37",1,-65.5129799879462,0.447898793470444,1e-10,0,NA,"OU1_14","BM1","BM1",3,256,137.025959975892,0.960956948420585
"38",1,-64.5989486460456,0.441547127327392,1e-10,0,NA,"OU1_15","BM1","BM1",3,256,135.197897292091,0.825911893367861
"39",1,-54.9220352369919,0.379587377203546,1e-10,0,NA,"OU1_16","BM1","BM1",3,256,115.844070473984,0.989895737835324
"40",1,-54.9455811853594,0.379727125743593,1e-10,0,NA,"OU1_17","BM1","BM1",3,256,115.891162370719,0.9917260153137
"41",1,-58.060952469946,0.39866807933361,1e-10,0,NA,"OU1_18","BM1","BM1",3,256,122.121904939892,0.665691197917711
"42",1,-70.4067629178283,0.483490869523644,1e-10,0,NA,"OU1_19","BM1","BM1",3,256,146.813525835657,0.75161310957291
"43",1,-66.1690818681834,0.452514060554623,1e-10,0,NA,"OU1_2","BM1","BM1",3,256,138.338163736367,0.81437747237816
"44",1,-68.7516985179787,0.471147707895593,1e-10,0,NA,"OU1_20","BM1","BM1",3,256,143.503397035957,0.99899842544421
"45",1,-68.7953965880119,0.471469218681464,1e-10,0,NA,"OU1_21","BM1","BM1",3,256,143.590793176024,0.967152542170358
"46",1,-55.0932729020317,0.380604308333633,1e-10,0,NA,"OU1_22","BM1","BM1",3,256,116.186545804063,0.789090408167924
"47",1,-51.2251150536287,0.358282010129658,1e-10,0,NA,"OU1_23","BM1","BM1",3,256,108.450230107257,0.927302896738659
"48",1,-41.3420055230173,0.307015037982871,1e-10,0,NA,"OU1_24","BM1","BM1",3,256,88.6840110460347,0.946380294488431
"49",1,-55.168712600986,0.381053206506666,1e-10,0,NA,"OU1_25","BM1","BM1",3,256,116.337425201972,0.957617134001117
"50",1,-59.742208666267,0.409279599491285,1e-10,0,NA,"OU1_26","BM1","BM1",3,256,125.484417332534,0.744762228123029
"51",1,-74.5501956932857,0.515827862114919,1e-10,0,NA,"OU1_27","BM1","BM1",3,256,155.100391386571,0.898585782143626
"52",1,-57.642624914389,0.396070352317452,1e-10,0,NA,"OU1_28","BM1","BM1",3,256,121.285249828778,0.964340616920049
"53",1,-68.6111286774132,0.470114042043948,1e-10,0,NA,"OU1_29","BM1","BM1",3,256,143.222257354826,0.795585270858089
"54",1,-55.2587140215914,0.381589513469954,1e-10,0,NA,"OU1_3","BM1","BM1",3,256,116.517428043183,0.880529885344789
"55",1,-56.5839257596876,0.389572542970626,1e-10,0,NA,"OU1_4","BM1","BM1",3,256,119.167851519375,0.892246325204173
"56",1,-54.8535697926417,0.379181456435258,1e-10,0,NA,"OU1_5","BM1","BM1",3,256,115.707139585283,0.943935699345373
"57",1,-68.4550845245674,0.468969112726148,1e-10,0,NA,"OU1_6","BM1","BM1",3,256,142.910169049135,0.949413227980031
"58",1,-58.9592635485921,0.404303080692836,1e-10,0,NA,"OU1_7","BM1","BM1",3,256,123.918527097184,0.963862647201376
"59",1,-61.8229348413188,0.422804450907193,1e-10,0,NA,"OU1_8","BM1","BM1",3,256,129.645869682638,0.966840871322162
"60",1,-64.276289628017,0.439326628326939,1e-10,0,NA,"OU1_9","BM1","BM1",3,256,134.552579256034,0.998923199441542
"61",1,-75.6779564769401,0.676606328497022,0.748480458244606,0,NA,"OUM_0","OUM","OUM",6,256,163.35591295388,0.890921569591585
"62",1,-49.9330863922269,0.472980883946444,0.881907095217868,0,NA,"OUM_1","OUM","OUM",6,256,111.866172784454,0.975766177238591
"63",1,-50.9028749313893,0.486178665894498,0.932931223258274,0,NA,"OUM_10","OUM","OUM",6,256,113.805749862779,0.999999977200787
"64",1,-69.2578478651042,0.474888483186728,1e-10,0,NA,"OUM_11","BM1","BM1",3,256,144.515695730208,0.850268327434161
"65",1,-58.0533784798484,0.398620682658968,1e-10,0,NA,"OUM_12","BM1","BM1",3,256,122.106756959697,0.95963637753134
"66",1,-57.9911927404384,0.553309195898981,0.976610111299803,0,NA,"OUM_13","OUM","OUM",6,256,127.982385480877,0.999999999989878
"67",1,-67.4130898031336,0.461395694928212,1e-10,0,NA,"OUM_14","BM1","BM1",3,256,140.826179606267,0.988562312972093
"68",1,-58.95107106607,0.564053461114647,0.981106089480274,0,NA,"OUM_15","OUM","OUM",6,256,129.90214213214,1
"69",1,-53.9327141202729,0.508862732076842,0.918106243120639,0,NA,"OUM_16","OUM","OUM",6,256,119.865428240546,0.999999638525998
"70",1,-60.4867757128662,0.64429462512532,1.17090069459789,0,NA,"OUM_17","OUM","OUM",6,256,132.973551425732,1
"71",1,-76.753261726033,0.727802678284643,0.909921223323193,0,NA,"OUM_18","OUM","OUM",6,256,165.506523452066,0.596137872731786
"72",1,-68.796773200424,0.621268763158981,0.816510575117192,0,NA,"OUM_19","OUM","OUM",6,256,149.593546400848,0.93516690770439
"73",1,-74.9966030374159,0.679743099604616,0.821129691061829,0,NA,"OUM_2","OUM","OUM",6,256,161.993206074832,0.999999999927615
"74",1,-65.0898322849781,0.594077916673856,0.855465532544446,0,NA,"OUM_20","OUM","OUM",6,256,142.179664569956,0.987941736619457
"75",1,-62.2033358107741,0.53647964890382,0.680292774960257,0,NA,"OUM_21","OUM","OUM",6,256,136.406671621548,0.866702513511083
"76",1,-68.1601445068332,0.466812929982384,1e-10,0,NA,"OUM_22","BM1","BM1",3,256,142.320289013666,0.562097863073305
"77",1,-68.2199532740093,0.467249459615804,1e-10,0,NA,"OUM_23","BM1","BM1",3,256,142.439906548019,0.925606453116227
"78",1,-67.1565078313028,0.639375113300539,0.985358488401414,0,NA,"OUM_24","OUM","OUM",6,256,146.313015662606,0.999016025628421
"79",1,-64.6924322371885,0.607680155142107,0.946633312533009,0,NA,"OUM_25","OUM","OUM",6,256,141.384864474377,0.937861373900103
"80",1,-60.4776479206819,0.548008842915427,0.823349245538431,0,NA,"OUM_26","OUM","OUM",6,256,132.955295841364,0.93478280633079
"81",1,-60.335820623497,0.413093441277022,1e-10,0,NA,"OUM_27","BM1","BM1",3,256,126.671641246994,0.952135820227012
"82",1,-66.404020231646,0.454178189602472,1e-10,0,NA,"OUM_28","BM1","BM1",3,256,138.808040463292,0.980981592180021
"83",1,-63.6806680083981,0.435257020386229,1e-10,0,NA,"OUM_29","BM1","BM1",3,256,133.361336016796,0.790986018591578
"84",1,-57.2126463004937,0.542180757068593,0.960647001516461,0,NA,"OUM_3","OUM","OUM",6,256,126.425292600987,0.999998538124124
"85",1,-49.1018770904658,0.498030860862119,1.07404365312687,0,NA,"OUM_4","OUM","OUM",6,256,110.203754180932,1
"86",1,-83.5576312353602,0.811124663845199,0.903081526531916,0,NA,"OUM_5","OUM","OUM",6,256,179.11526247072,0.999999999999982
"87",1,-71.631680964224,0.49283365563593,1e-10,0,NA,"OUM_6","BM1","BM1",3,256,149.263361928448,0.911946285364207
"88",1,-61.0381146284478,0.552669597284298,0.834257757748817,0,NA,"OUM_7","OUM","OUM",6,256,134.076229256896,0.999999998492618
"89",1,-70.3099325022365,0.627434451269698,0.773377333022555,0,NA,"OUM_8","OUM","OUM",6,256,152.619865004473,0.999993885079102
"90",1,-57.2406334215741,0.575108885200707,1.08396271130455,0,NA,"OUM_9","OUM","OUM",6,256,126.481266843148,0.999999999999931
