,BM1_0,BM1_1,BM1_2,BM1_3,BM1_4,BM1_5,BM1_6,BM1_7,BM1_8,BM1_9,BM1_10,BM1_11,BM1_12,BM1_13,BM1_14,BM1_15,BM1_16,BM1_17,BM1_18,BM1_19,BM1_20,BM1_21,BM1_22,BM1_23,BM1_24,BM1_25,BM1_26,BM1_27,BM1_28,BM1_29,OU1_0,OU1_1,OU1_2,OU1_3,OU1_4,OU1_5,OU1_6,OU1_7,OU1_8,OU1_9,OU1_10,OU1_11,OU1_12,OU1_13,OU1_14,OU1_15,OU1_16,OU1_17,OU1_18,OU1_19,OU1_20,OU1_21,OU1_22,OU1_23,OU1_24,OU1_25,OU1_26,OU1_27,OU1_28,OU1_29,OUM_0,OUM_1,OUM_2,OUM_3,OUM_4,OUM_5,OUM_6,OUM_7,OUM_8,OUM_9,OUM_10,OUM_11,OUM_12,OUM_13,OUM_14,OUM_15,OUM_16,OUM_17,OUM_18,OUM_19,OUM_20,OUM_21,OUM_22,OUM_23,OUM_24,OUM_25,OUM_26,OUM_27,OUM_28,OUM_29,OUM,species
t1,192.0,834.0,256.0,291.0,416.0,292.0,613.0,451.0,199.0,217.0,133.0,291.0,553.0,269.0,725.0,647.0,706.0,582.0,241.0,1020.0,285.0,174.0,421.0,1218.0,367.0,167.0,157.0,439.0,47.0,834.0,360.0,707.0,437.0,634.0,361.0,379.0,316.0,476.0,598.0,544.0,261.0,434.0,357.0,201.0,919.0,883.0,903.0,913.0,553.0,121.0,805.0,424.0,284.0,591.0,304.0,648.0,116.0,661.0,628.0,860.0,116.0,513.0,976.0,168.0,754.0,73.0,455.0,1018.0,225.0,451.0,1724.0,366.0,623.0,1652.0,162.0,1078.0,281.0,1016.0,234.0,652.0,528.0,162.0,141.0,547.0,1262.0,284.0,260.0,154.0,159.0,460.0,R0,t1
t2,268.0,378.0,447.0,213.0,713.0,259.0,519.0,1120.0,253.0,58.0,130.0,516.0,913.0,191.0,1044.0,599.0,480.0,660.0,242.0,2623.0,275.0,253.0,210.0,675.0,549.0,322.0,243.0,554.0,87.0,883.0,651.0,643.0,638.0,694.0,377.0,238.0,451.0,465.0,487.0,395.0,569.0,437.0,183.0,164.0,1468.0,646.0,708.0,515.0,482.0,163.0,1241.0,460.0,603.0,585.0,438.0,516.0,216.0,736.0,493.0,882.0,125.0,525.0,850.0,186.0,793.0,64.0,510.0,1036.0,192.0,527.0,1370.0,308.0,416.0,1267.0,132.0,893.0,316.0,1422.0,103.0,928.0,408.0,403.0,195.0,664.0,1091.0,493.0,261.0,172.0,352.0,205.0,R0,t2
t3,588.0,972.0,272.0,52.0,440.0,219.0,708.0,244.0,159.0,145.0,223.0,676.0,685.0,165.0,523.0,290.0,489.0,562.0,194.0,1661.0,326.0,171.0,388.0,849.0,433.0,303.0,270.0,857.0,90.0,888.0,831.0,687.0,1070.0,565.0,283.0,210.0,386.0,399.0,424.0,508.0,548.0,256.0,286.0,255.0,707.0,636.0,369.0,994.0,372.0,177.0,590.0,146.0,478.0,290.0,465.0,289.0,149.0,398.0,575.0,437.0,68.0,339.0,841.0,161.0,573.0,72.0,204.0,1061.0,222.0,954.0,1295.0,409.0,333.0,1240.0,116.0,860.0,465.0,992.0,124.0,1051.0,896.0,252.0,244.0,525.0,1152.0,552.0,328.0,216.0,187.0,615.0,R0,t3
t4,468.0,486.0,287.0,176.0,433.0,198.0,783.0,228.0,213.0,103.0,191.0,769.0,697.0,227.0,384.0,202.0,523.0,572.0,422.0,1628.0,185.0,365.0,491.0,565.0,490.0,296.0,221.0,1000.0,132.0,1322.0,686.0,753.0,723.0,628.0,278.0,171.0,206.0,470.0,382.0,273.0,442.0,348.0,225.0,125.0,417.0,466.0,661.0,1221.0,345.0,122.0,376.0,247.0,500.0,561.0,611.0,268.0,228.0,243.0,514.0,491.0,71.0,548.0,1059.0,183.0,528.0,47.0,168.0,920.0,195.0,1212.0,1195.0,238.0,439.0,622.0,109.0,917.0,376.0,849.0,135.0,1543.0,1444.0,222.0,178.0,611.0,1213.0,309.0,216.0,204.0,212.0,465.0,R0,t4
t5,121.0,1338.0,632.0,217.0,902.0,215.0,767.0,214.0,393.0,221.0,294.0,729.0,665.0,872.0,264.0,425.0,476.0,2942.0,189.0,1091.0,267.0,381.0,287.0,450.0,331.0,382.0,220.0,716.0,305.0,882.0,432.0,969.0,858.0,316.0,399.0,391.0,545.0,388.0,419.0,295.0,215.0,183.0,183.0,398.0,377.0,398.0,594.0,899.0,734.0,486.0,512.0,661.0,357.0,716.0,199.0,541.0,348.0,339.0,767.0,878.0,225.0,426.0,994.0,169.0,1152.0,38.0,167.0,1271.0,161.0,1517.0,1128.0,151.0,337.0,911.0,166.0,693.0,318.0,1379.0,221.0,1297.0,707.0,219.0,308.0,431.0,1506.0,197.0,537.0,259.0,237.0,360.0,R0,t5
t6,191.0,956.0,602.0,228.0,384.0,203.0,825.0,319.0,292.0,333.0,136.0,578.0,387.0,995.0,346.0,339.0,546.0,1843.0,171.0,1088.0,122.0,226.0,261.0,385.0,242.0,352.0,226.0,601.0,86.0,1037.0,332.0,1257.0,458.0,302.0,313.0,545.0,403.0,316.0,618.0,318.0,272.0,261.0,243.0,254.0,373.0,302.0,411.0,1060.0,445.0,522.0,770.0,622.0,588.0,616.0,304.0,320.0,275.0,407.0,896.0,547.0,107.0,531.0,629.0,132.0,1078.0,22.0,138.0,1036.0,198.0,1824.0,558.0,336.0,259.0,728.0,171.0,688.0,311.0,1719.0,431.0,1459.0,606.0,177.0,203.0,228.0,939.0,217.0,950.0,185.0,200.0,509.0,R0,t6
t7,159.0,1698.0,369.0,280.0,528.0,145.0,925.0,476.0,219.0,238.0,177.0,670.0,639.0,300.0,669.0,117.0,1573.0,1798.0,133.0,1987.0,373.0,247.0,150.0,779.0,533.0,247.0,182.0,668.0,188.0,478.0,412.0,838.0,736.0,186.0,396.0,372.0,752.0,359.0,417.0,305.0,241.0,324.0,336.0,349.0,562.0,576.0,657.0,1292.0,780.0,355.0,476.0,515.0,326.0,984.0,382.0,197.0,201.0,408.0,976.0,615.0,228.0,540.0,1316.0,218.0,845.0,44.0,156.0,654.0,228.0,1116.0,1080.0,203.0,467.0,622.0,185.0,422.0,615.0,1557.0,546.0,1366.0,501.0,139.0,198.0,433.0,661.0,238.0,265.0,442.0,269.0,452.0,R0,t7
t8,184.0,1794.0,606.0,322.0,420.0,132.0,512.0,315.0,482.0,244.0,211.0,723.0,867.0,360.0,398.0,156.0,802.0,940.0,166.0,1205.0,268.0,201.0,156.0,725.0,374.0,284.0,394.0,692.0,332.0,643.0,418.0,1011.0,524.0,231.0,406.0,506.0,465.0,334.0,239.0,234.0,120.0,324.0,650.0,295.0,388.0,191.0,713.0,890.0,556.0,571.0,459.0,605.0,694.0,471.0,367.0,287.0,201.0,797.0,1196.0,465.0,153.0,615.0,1365.0,151.0,986.0,32.0,123.0,654.0,119.0,589.0,1157.0,540.0,275.0,626.0,106.0,738.0,569.0,1938.0,508.0,1305.0,404.0,133.0,288.0,609.0,906.0,268.0,171.0,319.0,420.0,491.0,R0,t8
t9,99.0,366.0,1326.0,493.0,397.0,1421.0,1493.0,590.0,273.0,216.0,323.0,664.0,415.0,101.0,267.0,94.0,220.0,482.0,330.0,1914.0,180.0,149.0,930.0,564.0,622.0,130.0,864.0,243.0,180.0,972.0,258.0,599.0,387.0,337.0,139.0,151.0,647.0,445.0,514.0,621.0,698.0,170.0,678.0,588.0,1279.0,364.0,932.0,224.0,382.0,235.0,323.0,392.0,519.0,409.0,444.0,531.0,137.0,252.0,329.0,346.0,157.0,784.0,1103.0,196.0,697.0,30.0,313.0,825.0,194.0,1545.0,1041.0,379.0,1368.0,1251.0,217.0,2156.0,249.0,1314.0,146.0,521.0,660.0,290.0,70.0,535.0,1484.0,166.0,365.0,317.0,466.0,424.0,R0,t9
t10,83.0,176.0,493.0,1172.0,745.0,927.0,1392.0,579.0,383.0,120.0,445.0,723.0,189.0,155.0,423.0,92.0,209.0,394.0,293.0,1863.0,227.0,204.0,892.0,425.0,392.0,87.0,686.0,281.0,171.0,1132.0,250.0,324.0,325.0,448.0,198.0,298.0,196.0,620.0,521.0,240.0,387.0,234.0,503.0,293.0,816.0,403.0,577.0,229.0,303.0,274.0,417.0,399.0,399.0,412.0,408.0,318.0,86.0,108.0,537.0,503.0,180.0,603.0,864.0,201.0,689.0,21.0,264.0,1251.0,156.0,2069.0,588.0,778.0,1085.0,1590.0,283.0,2088.0,266.0,1446.0,215.0,524.0,870.0,256.0,164.0,413.0,1205.0,148.0,539.0,429.0,437.0,625.0,R0,t10
t11,204.0,377.0,803.0,400.0,1065.0,983.0,755.0,991.0,522.0,189.0,303.0,637.0,450.0,144.0,602.0,108.0,140.0,536.0,181.0,968.0,228.0,377.0,247.0,333.0,271.0,115.0,488.0,211.0,129.0,1317.0,366.0,349.0,517.0,209.0,190.0,355.0,410.0,338.0,549.0,678.0,570.0,326.0,294.0,561.0,684.0,298.0,1449.0,585.0,628.0,985.0,595.0,639.0,629.0,385.0,256.0,521.0,92.0,283.0,249.0,799.0,245.0,348.0,1139.0,271.0,630.0,22.0,219.0,864.0,154.0,2560.0,2313.0,444.0,1053.0,1198.0,333.0,1392.0,430.0,1963.0,142.0,1119.0,512.0,345.0,113.0,136.0,655.0,202.0,378.0,190.0,399.0,374.0,R0,t11
t12,119.0,179.0,359.0,933.0,622.0,575.0,596.0,442.0,393.0,118.0,440.0,616.0,333.0,168.0,432.0,110.0,112.0,408.0,134.0,881.0,147.0,416.0,463.0,277.0,275.0,158.0,391.0,168.0,192.0,818.0,680.0,334.0,262.0,419.0,137.0,433.0,677.0,359.0,431.0,1020.0,622.0,316.0,259.0,317.0,691.0,319.0,842.0,1028.0,1031.0,564.0,878.0,540.0,522.0,360.0,409.0,444.0,52.0,263.0,405.0,479.0,321.0,625.0,775.0,215.0,795.0,26.0,172.0,1101.0,111.0,1328.0,1487.0,373.0,1406.0,985.0,299.0,1428.0,297.0,779.0,159.0,2236.0,403.0,403.0,78.0,269.0,915.0,348.0,305.0,244.0,633.0,431.0,R0,t12
t13,177.0,466.0,731.0,194.0,343.0,595.0,1073.0,268.0,1257.0,190.0,609.0,445.0,470.0,222.0,600.0,184.0,366.0,921.0,407.0,1027.0,103.0,157.0,170.0,278.0,240.0,271.0,986.0,490.0,163.0,582.0,255.0,603.0,583.0,144.0,151.0,425.0,458.0,1397.0,340.0,305.0,443.0,380.0,337.0,548.0,615.0,167.0,689.0,533.0,1457.0,252.0,439.0,626.0,561.0,440.0,726.0,143.0,87.0,329.0,630.0,618.0,322.0,1005.0,1587.0,187.0,445.0,28.0,231.0,542.0,197.0,1379.0,1181.0,733.0,582.0,718.0,441.0,1957.0,318.0,1838.0,530.0,569.0,346.0,105.0,278.0,497.0,611.0,103.0,159.0,210.0,301.0,323.0,R0,t13
t14,150.0,804.0,951.0,180.0,542.0,469.0,1110.0,392.0,869.0,297.0,949.0,237.0,467.0,184.0,426.0,175.0,460.0,1029.0,243.0,1109.0,139.0,135.0,169.0,404.0,431.0,351.0,476.0,531.0,118.0,416.0,529.0,899.0,580.0,135.0,183.0,524.0,551.0,539.0,304.0,397.0,689.0,214.0,297.0,589.0,383.0,345.0,561.0,467.0,816.0,196.0,411.0,1284.0,441.0,491.0,869.0,581.0,141.0,640.0,551.0,432.0,147.0,969.0,1242.0,142.0,637.0,38.0,168.0,670.0,130.0,1246.0,1061.0,862.0,1093.0,851.0,366.0,1173.0,358.0,1390.0,367.0,454.0,486.0,247.0,282.0,278.0,475.0,153.0,184.0,216.0,240.0,322.0,R0,t14
t15,131.0,306.0,1242.0,539.0,348.0,425.0,953.0,146.0,329.0,212.0,519.0,249.0,303.0,190.0,736.0,97.0,285.0,951.0,162.0,1032.0,199.0,153.0,66.0,335.0,343.0,318.0,411.0,323.0,153.0,670.0,652.0,576.0,628.0,218.0,355.0,606.0,898.0,659.0,207.0,430.0,557.0,211.0,193.0,390.0,555.0,312.0,676.0,384.0,936.0,152.0,435.0,282.0,490.0,227.0,1101.0,266.0,231.0,228.0,654.0,552.0,130.0,732.0,999.0,68.0,872.0,32.0,159.0,695.0,176.0,1084.0,1111.0,465.0,913.0,518.0,273.0,1028.0,651.0,891.0,202.0,490.0,551.0,160.0,86.0,577.0,966.0,89.0,332.0,348.0,187.0,195.0,R0,t15
t16,321.0,172.0,873.0,574.0,370.0,708.0,720.0,267.0,392.0,251.0,839.0,330.0,535.0,250.0,450.0,109.0,256.0,975.0,109.0,547.0,158.0,262.0,159.0,293.0,217.0,357.0,499.0,451.0,150.0,1101.0,464.0,600.0,472.0,162.0,226.0,473.0,1130.0,337.0,159.0,186.0,233.0,356.0,153.0,413.0,620.0,384.0,1102.0,810.0,583.0,184.0,382.0,604.0,391.0,249.0,800.0,340.0,211.0,309.0,739.0,394.0,182.0,803.0,1818.0,141.0,521.0,43.0,144.0,623.0,255.0,1802.0,1313.0,249.0,763.0,1489.0,321.0,1701.0,334.0,1302.0,569.0,676.0,578.0,181.0,86.0,588.0,1141.0,113.0,277.0,331.0,240.0,285.0,R0,t16
t17,164.0,669.0,146.0,415.0,634.0,528.0,289.0,417.0,1025.0,178.0,201.0,2011.0,337.0,205.0,2735.0,341.0,362.0,387.0,992.0,1015.0,209.0,387.0,339.0,929.0,148.0,357.0,425.0,380.0,934.0,751.0,582.0,170.0,852.0,413.0,177.0,312.0,260.0,207.0,597.0,700.0,669.0,574.0,700.0,769.0,707.0,368.0,340.0,457.0,344.0,399.0,444.0,276.0,394.0,576.0,335.0,549.0,374.0,309.0,456.0,370.0,180.0,1180.0,2304.0,135.0,933.0,41.0,236.0,386.0,95.0,498.0,1878.0,388.0,451.0,1058.0,815.0,2599.0,539.0,358.0,217.0,212.0,388.0,160.0,291.0,231.0,736.0,211.0,480.0,491.0,577.0,481.0,R0,t17
t18,254.0,566.0,430.0,238.0,443.0,426.0,451.0,694.0,1119.0,176.0,165.0,1301.0,390.0,345.0,1728.0,416.0,423.0,890.0,1247.0,838.0,480.0,208.0,257.0,528.0,90.0,507.0,378.0,381.0,797.0,364.0,768.0,214.0,1052.0,468.0,89.0,356.0,268.0,129.0,705.0,796.0,421.0,497.0,537.0,1020.0,507.0,306.0,522.0,701.0,695.0,348.0,191.0,441.0,339.0,649.0,309.0,606.0,511.0,551.0,360.0,714.0,203.0,832.0,1487.0,187.0,1561.0,39.0,325.0,486.0,79.0,1084.0,2749.0,267.0,588.0,1038.0,755.0,2349.0,595.0,907.0,425.0,523.0,751.0,162.0,172.0,461.0,705.0,143.0,548.0,435.0,523.0,313.0,R0,t18
t19,70.0,944.0,442.0,195.0,331.0,746.0,619.0,612.0,735.0,70.0,237.0,560.0,338.0,215.0,1504.0,270.0,546.0,2205.0,973.0,568.0,426.0,206.0,488.0,378.0,99.0,383.0,305.0,341.0,1123.0,556.0,574.0,446.0,2276.0,463.0,246.0,336.0,437.0,154.0,746.0,813.0,493.0,561.0,401.0,911.0,593.0,280.0,406.0,942.0,1162.0,341.0,255.0,344.0,290.0,505.0,783.0,913.0,519.0,490.0,402.0,1026.0,252.0,854.0,1456.0,140.0,1044.0,64.0,262.0,461.0,83.0,856.0,806.0,489.0,556.0,2224.0,508.0,2929.0,250.0,908.0,468.0,1088.0,1133.0,210.0,163.0,298.0,339.0,219.0,615.0,387.0,418.0,530.0,R0,t19
t20,64.0,775.0,226.0,374.0,274.0,324.0,370.0,829.0,828.0,107.0,269.0,1495.0,324.0,162.0,2594.0,342.0,677.0,968.0,603.0,930.0,312.0,197.0,324.0,286.0,184.0,272.0,349.0,565.0,1111.0,941.0,1101.0,264.0,1406.0,287.0,202.0,407.0,303.0,430.0,415.0,933.0,283.0,603.0,382.0,1154.0,516.0,421.0,274.0,589.0,997.0,196.0,328.0,349.0,480.0,549.0,473.0,1069.0,584.0,370.0,494.0,541.0,681.0,980.0,1958.0,131.0,960.0,62.0,214.0,270.0,125.0,1245.0,1613.0,434.0,624.0,2486.0,573.0,2412.0,229.0,403.0,592.0,805.0,719.0,363.0,186.0,421.0,543.0,132.0,518.0,251.0,473.0,244.0,R0,t20
t21,185.0,2187.0,613.0,516.0,906.0,378.0,294.0,884.0,514.0,117.0,348.0,455.0,453.0,108.0,777.0,136.0,880.0,1046.0,1276.0,1200.0,428.0,257.0,789.0,613.0,199.0,215.0,139.0,277.0,888.0,474.0,457.0,310.0,889.0,215.0,229.0,683.0,519.0,369.0,466.0,631.0,1168.0,882.0,776.0,361.0,576.0,281.0,649.0,909.0,877.0,236.0,544.0,236.0,194.0,506.0,577.0,885.0,454.0,383.0,753.0,569.0,963.0,337.0,538.0,154.0,764.0,43.0,316.0,385.0,44.0,1064.0,1197.0,503.0,477.0,1677.0,646.0,3294.0,687.0,1256.0,366.0,543.0,696.0,203.0,248.0,354.0,402.0,281.0,586.0,178.0,257.0,390.0,R0,t21
t22,289.0,1212.0,362.0,603.0,1180.0,270.0,478.0,910.0,549.0,116.0,236.0,521.0,609.0,161.0,515.0,209.0,1171.0,600.0,1330.0,484.0,252.0,185.0,618.0,700.0,169.0,317.0,362.0,290.0,992.0,362.0,269.0,320.0,1311.0,202.0,234.0,532.0,631.0,344.0,483.0,519.0,918.0,671.0,572.0,546.0,409.0,416.0,761.0,898.0,559.0,206.0,294.0,292.0,191.0,317.0,681.0,1044.0,466.0,933.0,289.0,579.0,975.0,450.0,584.0,262.0,821.0,45.0,300.0,268.0,46.0,1671.0,1420.0,563.0,765.0,1891.0,565.0,3003.0,889.0,1143.0,291.0,391.0,523.0,218.0,360.0,417.0,573.0,270.0,516.0,168.0,293.0,284.0,R0,t22
t23,326.0,736.0,131.0,239.0,1599.0,1123.0,446.0,698.0,1943.0,67.0,305.0,367.0,293.0,182.0,1325.0,116.0,1183.0,687.0,641.0,815.0,188.0,189.0,647.0,571.0,307.0,115.0,285.0,280.0,932.0,688.0,133.0,223.0,659.0,361.0,454.0,597.0,329.0,90.0,1334.0,347.0,1003.0,485.0,568.0,290.0,470.0,119.0,1233.0,1191.0,293.0,316.0,253.0,237.0,294.0,700.0,381.0,512.0,341.0,268.0,366.0,336.0,609.0,390.0,1469.0,116.0,481.0,55.0,126.0,344.0,52.0,1583.0,976.0,557.0,417.0,1583.0,814.0,1404.0,313.0,1041.0,346.0,521.0,471.0,340.0,209.0,555.0,1277.0,628.0,245.0,526.0,244.0,260.0,R0,t23
t24,290.0,781.0,196.0,266.0,1314.0,890.0,323.0,508.0,1077.0,99.0,226.0,550.0,213.0,150.0,1287.0,167.0,1289.0,687.0,420.0,1139.0,481.0,178.0,429.0,584.0,309.0,116.0,676.0,294.0,549.0,645.0,331.0,275.0,971.0,494.0,387.0,502.0,284.0,94.0,1180.0,247.0,917.0,404.0,619.0,499.0,251.0,186.0,752.0,612.0,378.0,452.0,394.0,378.0,318.0,778.0,622.0,476.0,406.0,263.0,408.0,233.0,334.0,363.0,996.0,221.0,923.0,75.0,99.0,460.0,52.0,1802.0,1098.0,547.0,623.0,1629.0,402.0,2485.0,199.0,929.0,386.0,639.0,658.0,274.0,385.0,488.0,2182.0,466.0,363.0,408.0,226.0,289.0,R0,t24
t25,552.0,257.0,267.0,737.0,669.0,267.0,484.0,1152.0,478.0,287.0,358.0,785.0,350.0,332.0,640.0,160.0,613.0,672.0,609.0,561.0,1365.0,209.0,797.0,291.0,190.0,214.0,657.0,723.0,460.0,391.0,363.0,179.0,1518.0,456.0,394.0,587.0,197.0,286.0,332.0,560.0,849.0,424.0,1286.0,377.0,500.0,262.0,373.0,296.0,632.0,220.0,853.0,356.0,591.0,568.0,265.0,557.0,379.0,268.0,916.0,620.0,649.0,485.0,2220.0,126.0,696.0,59.0,312.0,490.0,81.0,1458.0,1203.0,216.0,649.0,1228.0,402.0,886.0,523.0,1884.0,261.0,925.0,454.0,256.0,178.0,489.0,1083.0,181.0,515.0,460.0,526.0,230.0,R0,t25
t26,657.0,116.0,274.0,888.0,806.0,156.0,428.0,949.0,438.0,334.0,225.0,728.0,776.0,588.0,1033.0,134.0,558.0,696.0,475.0,673.0,1018.0,360.0,379.0,191.0,234.0,64.0,1082.0,589.0,1087.0,534.0,570.0,211.0,1576.0,698.0,531.0,782.0,275.0,488.0,319.0,448.0,483.0,175.0,765.0,421.0,434.0,641.0,644.0,249.0,557.0,247.0,719.0,404.0,591.0,583.0,805.0,540.0,294.0,336.0,770.0,772.0,447.0,300.0,1651.0,149.0,541.0,166.0,298.0,644.0,118.0,1067.0,809.0,389.0,300.0,2503.0,358.0,1352.0,379.0,2831.0,353.0,817.0,157.0,247.0,240.0,373.0,368.0,397.0,640.0,440.0,467.0,143.0,R0,t26
t27,212.0,131.0,97.0,332.0,1190.0,199.0,1133.0,382.0,416.0,268.0,257.0,263.0,394.0,545.0,287.0,162.0,725.0,513.0,268.0,575.0,614.0,414.0,373.0,302.0,67.0,117.0,1670.0,1039.0,186.0,514.0,401.0,401.0,992.0,616.0,136.0,320.0,235.0,398.0,1132.0,575.0,1030.0,374.0,1149.0,577.0,669.0,746.0,346.0,426.0,473.0,200.0,495.0,350.0,472.0,446.0,378.0,596.0,391.0,432.0,813.0,836.0,883.0,563.0,2022.0,111.0,1211.0,124.0,215.0,1425.0,137.0,1046.0,649.0,262.0,565.0,2370.0,297.0,1145.0,183.0,2208.0,635.0,370.0,308.0,123.0,210.0,367.0,1372.0,256.0,319.0,551.0,223.0,169.0,R0,t27
t28,211.0,149.0,111.0,433.0,675.0,381.0,439.0,534.0,478.0,272.0,192.0,504.0,572.0,354.0,498.0,273.0,782.0,372.0,342.0,812.0,288.0,599.0,361.0,166.0,55.0,123.0,1126.0,684.0,542.0,659.0,238.0,584.0,820.0,694.0,363.0,513.0,475.0,252.0,905.0,838.0,768.0,249.0,533.0,607.0,436.0,637.0,410.0,468.0,315.0,158.0,718.0,486.0,625.0,397.0,241.0,522.0,266.0,345.0,644.0,1121.0,650.0,387.0,4294.0,146.0,862.0,38.0,161.0,2184.0,98.0,1278.0,919.0,359.0,441.0,1444.0,552.0,798.0,243.0,1974.0,696.0,638.0,342.0,103.0,102.0,449.0,970.0,158.0,372.0,394.0,239.0,183.0,R0,t28
t29,147.0,166.0,292.0,366.0,620.0,370.0,1187.0,497.0,630.0,87.0,424.0,272.0,360.0,549.0,645.0,86.0,1405.0,1528.0,429.0,677.0,313.0,195.0,311.0,284.0,223.0,85.0,1513.0,1307.0,732.0,488.0,265.0,580.0,817.0,404.0,326.0,773.0,266.0,705.0,251.0,449.0,1082.0,582.0,458.0,431.0,292.0,317.0,227.0,772.0,851.0,413.0,464.0,205.0,223.0,219.0,448.0,534.0,268.0,600.0,568.0,1439.0,547.0,263.0,2376.0,203.0,431.0,108.0,212.0,497.0,73.0,1281.0,952.0,259.0,337.0,992.0,295.0,1123.0,278.0,815.0,421.0,310.0,276.0,130.0,453.0,941.0,1458.0,403.0,453.0,333.0,357.0,114.0,R0,t29
t30,103.0,287.0,136.0,560.0,955.0,197.0,1045.0,687.0,1064.0,147.0,189.0,219.0,681.0,375.0,703.0,111.0,1340.0,1643.0,637.0,449.0,250.0,142.0,295.0,205.0,202.0,165.0,789.0,790.0,737.0,476.0,332.0,454.0,746.0,307.0,273.0,820.0,351.0,395.0,301.0,527.0,1409.0,441.0,475.0,406.0,441.0,454.0,298.0,556.0,646.0,279.0,548.0,307.0,301.0,283.0,525.0,482.0,266.0,900.0,717.0,1163.0,308.0,360.0,1130.0,198.0,512.0,48.0,339.0,570.0,74.0,952.0,1355.0,363.0,263.0,1416.0,251.0,1797.0,352.0,1444.0,297.0,525.0,166.0,185.0,402.0,532.0,1560.0,550.0,244.0,265.0,382.0,244.0,R0,t30
t31,105.0,152.0,260.0,460.0,419.0,233.0,663.0,849.0,1250.0,245.0,178.0,323.0,373.0,511.0,369.0,142.0,633.0,916.0,178.0,1626.0,337.0,104.0,363.0,159.0,150.0,176.0,527.0,614.0,369.0,404.0,520.0,262.0,614.0,390.0,286.0,757.0,362.0,745.0,314.0,346.0,663.0,391.0,367.0,668.0,872.0,186.0,186.0,496.0,1066.0,256.0,649.0,364.0,570.0,334.0,304.0,255.0,375.0,617.0,303.0,1061.0,427.0,455.0,1281.0,148.0,630.0,41.0,357.0,775.0,63.0,1349.0,1268.0,476.0,269.0,1853.0,267.0,914.0,289.0,1461.0,266.0,278.0,296.0,265.0,486.0,831.0,683.0,193.0,362.0,255.0,379.0,229.0,R0,t31
t32,109.0,185.0,140.0,794.0,965.0,193.0,1088.0,723.0,975.0,244.0,172.0,536.0,409.0,585.0,590.0,153.0,407.0,867.0,233.0,557.0,216.0,199.0,233.0,156.0,157.0,235.0,319.0,755.0,226.0,491.0,664.0,216.0,712.0,388.0,220.0,580.0,357.0,552.0,285.0,223.0,618.0,373.0,265.0,440.0,373.0,119.0,280.0,501.0,1179.0,207.0,465.0,213.0,776.0,347.0,371.0,389.0,364.0,647.0,367.0,1050.0,514.0,414.0,1857.0,241.0,409.0,50.0,358.0,830.0,29.0,1251.0,361.0,662.0,344.0,1281.0,247.0,1287.0,369.0,2465.0,153.0,281.0,502.0,211.0,434.0,838.0,757.0,196.0,390.0,184.0,360.0,299.0,R0,t32
t33,367.0,422.0,272.0,492.0,424.0,501.0,467.0,448.0,781.0,402.0,154.0,418.0,628.0,354.0,292.0,1371.0,925.0,374.0,406.0,780.0,141.0,504.0,363.0,192.0,121.0,321.0,690.0,240.0,50.0,160.0,583.0,310.0,505.0,279.0,514.0,753.0,946.0,361.0,414.0,293.0,727.0,633.0,466.0,187.0,392.0,238.0,753.0,472.0,326.0,381.0,866.0,379.0,517.0,762.0,332.0,430.0,504.0,556.0,245.0,630.0,758.0,130.0,96.0,817.0,61.0,1203.0,355.0,98.0,327.0,52.0,206.0,519.0,437.0,260.0,288.0,21.0,214.0,47.0,986.0,214.0,224.0,371.0,728.0,226.0,176.0,206.0,425.0,354.0,361.0,230.0,R1,t33
t34,372.0,401.0,410.0,408.0,342.0,274.0,605.0,510.0,1283.0,605.0,158.0,344.0,522.0,476.0,350.0,1964.0,1159.0,426.0,531.0,711.0,101.0,430.0,416.0,320.0,164.0,645.0,635.0,203.0,80.0,284.0,485.0,305.0,428.0,345.0,264.0,1022.0,367.0,386.0,399.0,448.0,833.0,613.0,438.0,204.0,660.0,333.0,473.0,332.0,484.0,345.0,776.0,841.0,541.0,798.0,336.0,267.0,575.0,491.0,362.0,209.0,1039.0,196.0,91.0,1313.0,65.0,1419.0,402.0,142.0,498.0,79.0,181.0,403.0,457.0,175.0,165.0,77.0,167.0,58.0,585.0,243.0,126.0,211.0,880.0,251.0,496.0,218.0,662.0,209.0,293.0,462.0,R1,t34
t35,328.0,980.0,177.0,1131.0,266.0,901.0,277.0,561.0,636.0,557.0,282.0,342.0,821.0,405.0,244.0,1763.0,608.0,692.0,999.0,458.0,72.0,500.0,753.0,395.0,150.0,215.0,662.0,201.0,78.0,166.0,190.0,791.0,1064.0,475.0,283.0,426.0,598.0,316.0,805.0,249.0,465.0,792.0,508.0,494.0,485.0,253.0,578.0,142.0,234.0,306.0,583.0,453.0,408.0,373.0,511.0,356.0,224.0,364.0,364.0,489.0,974.0,184.0,163.0,703.0,153.0,540.0,548.0,145.0,184.0,93.0,265.0,282.0,490.0,174.0,693.0,119.0,122.0,26.0,386.0,147.0,110.0,212.0,466.0,109.0,140.0,167.0,1173.0,474.0,318.0,337.0,R1,t35
t36,242.0,388.0,211.0,1130.0,185.0,673.0,166.0,458.0,469.0,527.0,276.0,678.0,974.0,334.0,604.0,2276.0,566.0,589.0,356.0,438.0,64.0,421.0,1011.0,397.0,198.0,301.0,597.0,210.0,89.0,254.0,365.0,722.0,778.0,368.0,370.0,569.0,645.0,311.0,231.0,194.0,407.0,767.0,349.0,461.0,410.0,219.0,798.0,325.0,406.0,529.0,622.0,323.0,365.0,529.0,339.0,219.0,381.0,615.0,443.0,284.0,824.0,180.0,115.0,850.0,64.0,720.0,312.0,79.0,337.0,98.0,272.0,251.0,604.0,115.0,427.0,102.0,72.0,28.0,552.0,178.0,97.0,238.0,682.0,62.0,292.0,361.0,953.0,313.0,170.0,256.0,R1,t36
t37,1645.0,403.0,179.0,716.0,369.0,206.0,125.0,950.0,550.0,798.0,67.0,504.0,829.0,471.0,225.0,444.0,675.0,373.0,455.0,473.0,128.0,859.0,340.0,168.0,464.0,309.0,429.0,163.0,91.0,644.0,303.0,826.0,545.0,343.0,262.0,612.0,629.0,308.0,473.0,294.0,698.0,304.0,244.0,315.0,554.0,397.0,831.0,303.0,170.0,328.0,1126.0,275.0,350.0,566.0,187.0,275.0,341.0,505.0,395.0,684.0,1121.0,251.0,281.0,959.0,98.0,664.0,711.0,88.0,796.0,93.0,365.0,297.0,340.0,218.0,681.0,73.0,217.0,28.0,726.0,218.0,118.0,293.0,528.0,721.0,208.0,270.0,1299.0,634.0,380.0,485.0,R1,t37
t38,856.0,714.0,157.0,299.0,632.0,351.0,139.0,794.0,402.0,1147.0,107.0,430.0,974.0,460.0,204.0,358.0,967.0,484.0,400.0,459.0,267.0,827.0,245.0,269.0,381.0,266.0,462.0,279.0,143.0,467.0,422.0,772.0,417.0,409.0,202.0,430.0,891.0,421.0,507.0,307.0,456.0,280.0,345.0,467.0,399.0,261.0,470.0,244.0,230.0,523.0,1287.0,364.0,352.0,499.0,355.0,176.0,388.0,245.0,802.0,521.0,951.0,189.0,216.0,573.0,92.0,774.0,505.0,80.0,772.0,154.0,418.0,640.0,266.0,176.0,673.0,87.0,210.0,39.0,423.0,222.0,123.0,426.0,433.0,631.0,349.0,428.0,1108.0,606.0,304.0,514.0,R1,t38
t39,1747.0,364.0,114.0,454.0,475.0,187.0,186.0,269.0,619.0,1214.0,189.0,376.0,904.0,171.0,186.0,829.0,436.0,254.0,722.0,557.0,124.0,1195.0,532.0,170.0,242.0,249.0,601.0,510.0,79.0,287.0,260.0,1312.0,261.0,479.0,230.0,288.0,682.0,484.0,425.0,196.0,650.0,430.0,321.0,386.0,172.0,622.0,393.0,261.0,246.0,303.0,770.0,425.0,339.0,325.0,308.0,209.0,360.0,313.0,565.0,1251.0,1486.0,334.0,257.0,595.0,59.0,836.0,1514.0,42.0,400.0,100.0,371.0,387.0,758.0,210.0,467.0,99.0,224.0,40.0,372.0,218.0,136.0,275.0,628.0,439.0,234.0,427.0,390.0,663.0,396.0,453.0,R1,t39
t40,1630.0,451.0,130.0,462.0,516.0,232.0,179.0,338.0,432.0,912.0,276.0,734.0,907.0,417.0,211.0,1040.0,833.0,245.0,735.0,618.0,83.0,836.0,346.0,109.0,399.0,275.0,932.0,581.0,110.0,269.0,505.0,803.0,213.0,702.0,276.0,741.0,749.0,609.0,572.0,189.0,732.0,272.0,259.0,346.0,281.0,495.0,303.0,369.0,226.0,278.0,996.0,346.0,287.0,347.0,454.0,216.0,454.0,132.0,204.0,603.0,1483.0,416.0,102.0,589.0,69.0,714.0,1355.0,62.0,588.0,61.0,295.0,138.0,748.0,135.0,747.0,141.0,126.0,46.0,377.0,183.0,214.0,198.0,504.0,330.0,191.0,565.0,548.0,611.0,526.0,311.0,R1,t40
t41,232.0,257.0,282.0,367.0,401.0,210.0,110.0,136.0,336.0,816.0,350.0,336.0,951.0,191.0,565.0,437.0,182.0,364.0,387.0,775.0,243.0,612.0,506.0,353.0,314.0,171.0,294.0,169.0,764.0,130.0,287.0,632.0,683.0,338.0,188.0,811.0,1342.0,378.0,683.0,315.0,545.0,245.0,358.0,347.0,249.0,532.0,1379.0,591.0,191.0,251.0,632.0,855.0,626.0,354.0,663.0,383.0,839.0,396.0,423.0,323.0,1148.0,324.0,74.0,817.0,77.0,1419.0,1425.0,96.0,517.0,150.0,241.0,626.0,279.0,301.0,269.0,20.0,151.0,49.0,628.0,224.0,230.0,159.0,1354.0,445.0,298.0,394.0,1047.0,430.0,190.0,1376.0,R1,t41
t42,364.0,406.0,285.0,514.0,386.0,205.0,75.0,218.0,715.0,996.0,158.0,235.0,798.0,77.0,466.0,648.0,408.0,427.0,445.0,353.0,359.0,351.0,748.0,247.0,159.0,150.0,166.0,88.0,571.0,136.0,403.0,716.0,1385.0,949.0,270.0,618.0,1018.0,343.0,608.0,207.0,322.0,249.0,210.0,456.0,284.0,678.0,556.0,437.0,283.0,393.0,313.0,543.0,397.0,308.0,685.0,482.0,643.0,559.0,448.0,812.0,1160.0,166.0,41.0,741.0,68.0,2836.0,1368.0,104.0,1261.0,115.0,238.0,883.0,368.0,117.0,205.0,38.0,86.0,31.0,576.0,295.0,116.0,128.0,988.0,290.0,298.0,333.0,674.0,389.0,217.0,1940.0,R1,t42
t43,443.0,471.0,402.0,297.0,634.0,200.0,102.0,254.0,220.0,1038.0,77.0,341.0,1646.0,136.0,446.0,565.0,383.0,369.0,386.0,578.0,130.0,628.0,450.0,162.0,183.0,159.0,230.0,371.0,265.0,97.0,651.0,433.0,375.0,289.0,226.0,812.0,615.0,452.0,865.0,366.0,633.0,201.0,271.0,355.0,177.0,277.0,337.0,342.0,143.0,460.0,382.0,597.0,370.0,304.0,599.0,536.0,555.0,1841.0,304.0,817.0,1160.0,145.0,42.0,451.0,98.0,564.0,659.0,147.0,814.0,101.0,144.0,870.0,320.0,188.0,178.0,47.0,213.0,86.0,371.0,218.0,255.0,185.0,1347.0,294.0,220.0,228.0,1193.0,636.0,145.0,704.0,R1,t43
t44,568.0,427.0,414.0,447.0,1089.0,87.0,104.0,333.0,433.0,936.0,115.0,320.0,861.0,95.0,599.0,746.0,272.0,473.0,320.0,228.0,204.0,438.0,630.0,138.0,183.0,181.0,273.0,184.0,262.0,124.0,339.0,353.0,489.0,290.0,240.0,518.0,769.0,552.0,559.0,256.0,469.0,196.0,146.0,766.0,202.0,316.0,412.0,235.0,316.0,363.0,375.0,932.0,452.0,233.0,786.0,489.0,624.0,1306.0,378.0,509.0,1354.0,157.0,127.0,911.0,118.0,556.0,920.0,165.0,622.0,174.0,203.0,663.0,692.0,376.0,303.0,31.0,178.0,98.0,375.0,277.0,373.0,187.0,934.0,424.0,196.0,205.0,671.0,322.0,124.0,1464.0,R1,t44
t45,426.0,498.0,227.0,420.0,205.0,535.0,127.0,337.0,501.0,599.0,54.0,694.0,578.0,71.0,545.0,1514.0,480.0,528.0,669.0,576.0,103.0,594.0,124.0,498.0,271.0,290.0,270.0,106.0,263.0,242.0,613.0,761.0,519.0,298.0,740.0,730.0,550.0,476.0,597.0,166.0,616.0,193.0,256.0,529.0,325.0,337.0,338.0,245.0,322.0,500.0,94.0,448.0,236.0,864.0,490.0,660.0,538.0,607.0,734.0,445.0,416.0,83.0,111.0,663.0,84.0,2098.0,872.0,165.0,507.0,140.0,368.0,1657.0,519.0,214.0,353.0,29.0,113.0,47.0,594.0,434.0,137.0,114.0,1622.0,246.0,398.0,267.0,1605.0,340.0,190.0,609.0,R1,t45
t46,352.0,549.0,182.0,734.0,186.0,553.0,133.0,288.0,538.0,709.0,67.0,770.0,527.0,99.0,702.0,1166.0,529.0,282.0,557.0,427.0,129.0,616.0,160.0,472.0,140.0,215.0,361.0,220.0,166.0,124.0,281.0,346.0,483.0,490.0,329.0,769.0,806.0,1608.0,717.0,215.0,508.0,340.0,209.0,474.0,356.0,374.0,264.0,272.0,383.0,663.0,253.0,519.0,305.0,725.0,419.0,557.0,330.0,1098.0,357.0,605.0,624.0,89.0,119.0,635.0,114.0,1554.0,824.0,195.0,411.0,94.0,194.0,913.0,424.0,182.0,311.0,27.0,79.0,68.0,450.0,369.0,130.0,141.0,1546.0,313.0,320.0,539.0,1536.0,631.0,256.0,526.0,R1,t46
t47,240.0,479.0,338.0,596.0,207.0,370.0,263.0,228.0,559.0,1035.0,106.0,412.0,1152.0,124.0,262.0,1893.0,287.0,362.0,872.0,259.0,187.0,475.0,265.0,193.0,161.0,883.0,297.0,131.0,249.0,91.0,356.0,694.0,227.0,437.0,496.0,600.0,530.0,768.0,388.0,391.0,517.0,113.0,229.0,590.0,225.0,286.0,431.0,444.0,764.0,334.0,187.0,552.0,299.0,383.0,773.0,351.0,865.0,582.0,326.0,777.0,969.0,93.0,75.0,449.0,108.0,782.0,1909.0,131.0,1093.0,167.0,209.0,1492.0,417.0,103.0,440.0,30.0,123.0,46.0,319.0,244.0,110.0,123.0,1533.0,207.0,362.0,201.0,1018.0,515.0,207.0,1175.0,R1,t47
t48,219.0,984.0,282.0,583.0,236.0,848.0,140.0,143.0,244.0,738.0,91.0,187.0,666.0,195.0,404.0,4189.0,293.0,239.0,613.0,346.0,313.0,486.0,250.0,325.0,143.0,607.0,163.0,306.0,227.0,101.0,340.0,809.0,355.0,320.0,446.0,675.0,466.0,817.0,717.0,135.0,587.0,161.0,312.0,1010.0,437.0,411.0,481.0,289.0,610.0,386.0,257.0,564.0,287.0,344.0,616.0,530.0,698.0,690.0,417.0,655.0,746.0,155.0,64.0,464.0,98.0,775.0,1349.0,219.0,739.0,278.0,292.0,2134.0,219.0,159.0,377.0,30.0,120.0,30.0,380.0,344.0,98.0,157.0,1263.0,98.0,700.0,387.0,1264.0,516.0,269.0,1120.0,R1,t48
t49,277.0,218.0,178.0,143.0,500.0,190.0,382.0,453.0,577.0,531.0,242.0,878.0,1374.0,221.0,415.0,417.0,625.0,880.0,498.0,795.0,375.0,552.0,601.0,408.0,137.0,211.0,928.0,750.0,254.0,238.0,301.0,356.0,324.0,366.0,626.0,974.0,470.0,1491.0,504.0,782.0,503.0,615.0,273.0,550.0,129.0,495.0,239.0,370.0,179.0,524.0,954.0,571.0,514.0,513.0,318.0,565.0,605.0,535.0,498.0,385.0,651.0,606.0,234.0,600.0,22.0,611.0,760.0,89.0,632.0,80.0,348.0,766.0,398.0,140.0,590.0,50.0,116.0,48.0,2051.0,106.0,245.0,342.0,385.0,499.0,391.0,302.0,796.0,270.0,626.0,879.0,R1,t49
t50,223.0,427.0,201.0,193.0,439.0,254.0,327.0,747.0,199.0,738.0,238.0,691.0,912.0,150.0,259.0,666.0,962.0,1582.0,421.0,881.0,338.0,289.0,1192.0,264.0,116.0,151.0,883.0,702.0,115.0,285.0,242.0,354.0,394.0,406.0,743.0,1647.0,411.0,1432.0,307.0,588.0,402.0,502.0,207.0,339.0,199.0,471.0,333.0,433.0,232.0,582.0,582.0,298.0,333.0,786.0,402.0,440.0,575.0,273.0,493.0,531.0,653.0,479.0,186.0,1003.0,54.0,794.0,508.0,111.0,393.0,119.0,297.0,1158.0,356.0,197.0,994.0,30.0,106.0,83.0,2742.0,227.0,371.0,370.0,218.0,609.0,466.0,213.0,1361.0,111.0,848.0,813.0,R1,t50
t51,304.0,786.0,253.0,967.0,108.0,1148.0,366.0,475.0,150.0,882.0,142.0,599.0,684.0,326.0,153.0,566.0,527.0,672.0,791.0,494.0,232.0,488.0,430.0,353.0,54.0,97.0,1209.0,660.0,154.0,616.0,191.0,274.0,321.0,386.0,852.0,534.0,908.0,539.0,469.0,549.0,508.0,345.0,224.0,414.0,224.0,420.0,297.0,628.0,374.0,1066.0,543.0,628.0,337.0,549.0,220.0,432.0,349.0,721.0,369.0,476.0,1035.0,540.0,147.0,1152.0,108.0,422.0,328.0,108.0,736.0,121.0,728.0,617.0,237.0,272.0,416.0,69.0,68.0,63.0,1310.0,254.0,162.0,226.0,224.0,420.0,206.0,175.0,1147.0,184.0,463.0,1421.0,R1,t51
t52,163.0,908.0,507.0,504.0,380.0,626.0,187.0,444.0,136.0,599.0,153.0,759.0,678.0,214.0,132.0,391.0,768.0,567.0,787.0,383.0,173.0,346.0,448.0,216.0,87.0,124.0,852.0,744.0,196.0,517.0,202.0,399.0,431.0,504.0,294.0,502.0,801.0,524.0,361.0,713.0,692.0,314.0,175.0,456.0,161.0,463.0,223.0,651.0,503.0,450.0,479.0,363.0,411.0,664.0,257.0,253.0,307.0,775.0,335.0,606.0,819.0,1014.0,243.0,1255.0,45.0,1164.0,454.0,51.0,378.0,113.0,493.0,856.0,144.0,169.0,343.0,79.0,43.0,119.0,1532.0,285.0,237.0,145.0,303.0,675.0,274.0,264.0,969.0,320.0,612.0,999.0,R1,t52
t53,180.0,228.0,423.0,778.0,386.0,452.0,385.0,316.0,235.0,1335.0,239.0,1751.0,1573.0,209.0,310.0,463.0,1145.0,1263.0,1139.0,162.0,315.0,264.0,165.0,285.0,129.0,248.0,694.0,1129.0,195.0,1073.0,438.0,281.0,484.0,371.0,322.0,692.0,388.0,539.0,603.0,228.0,400.0,306.0,482.0,586.0,162.0,398.0,239.0,491.0,277.0,501.0,420.0,374.0,268.0,416.0,505.0,244.0,295.0,585.0,399.0,365.0,807.0,321.0,170.0,421.0,43.0,949.0,168.0,72.0,452.0,233.0,673.0,423.0,176.0,158.0,595.0,58.0,135.0,34.0,868.0,306.0,453.0,88.0,233.0,706.0,510.0,265.0,878.0,205.0,192.0,979.0,R1,t53
t54,153.0,329.0,683.0,477.0,268.0,731.0,271.0,546.0,208.0,829.0,150.0,785.0,1301.0,251.0,273.0,760.0,1075.0,963.0,725.0,219.0,207.0,437.0,260.0,281.0,173.0,75.0,490.0,709.0,227.0,897.0,391.0,402.0,778.0,304.0,413.0,891.0,230.0,628.0,519.0,336.0,546.0,461.0,140.0,525.0,119.0,462.0,369.0,324.0,138.0,690.0,303.0,181.0,430.0,273.0,455.0,322.0,230.0,842.0,341.0,489.0,867.0,305.0,102.0,672.0,26.0,1174.0,230.0,47.0,552.0,103.0,729.0,619.0,225.0,173.0,226.0,62.0,144.0,41.0,682.0,185.0,219.0,229.0,320.0,773.0,580.0,345.0,1197.0,185.0,302.0,608.0,R1,t54
t55,150.0,255.0,450.0,1085.0,388.0,421.0,554.0,277.0,151.0,668.0,181.0,1753.0,1287.0,147.0,134.0,1002.0,1152.0,467.0,887.0,786.0,134.0,667.0,951.0,535.0,185.0,145.0,189.0,430.0,229.0,440.0,583.0,386.0,646.0,341.0,541.0,960.0,408.0,687.0,732.0,200.0,464.0,285.0,245.0,596.0,102.0,610.0,193.0,440.0,395.0,591.0,177.0,220.0,160.0,392.0,484.0,246.0,503.0,653.0,401.0,1417.0,1324.0,204.0,68.0,225.0,38.0,2408.0,341.0,67.0,496.0,70.0,631.0,721.0,364.0,222.0,458.0,71.0,86.0,36.0,874.0,267.0,253.0,314.0,353.0,320.0,371.0,436.0,1176.0,361.0,196.0,1313.0,R1,t55
t56,192.0,183.0,382.0,375.0,193.0,670.0,507.0,397.0,154.0,526.0,194.0,995.0,1162.0,207.0,224.0,2181.0,842.0,490.0,1869.0,277.0,96.0,1233.0,497.0,446.0,244.0,214.0,220.0,715.0,332.0,465.0,318.0,542.0,483.0,459.0,653.0,1046.0,199.0,709.0,1234.0,337.0,432.0,337.0,318.0,561.0,147.0,344.0,167.0,551.0,421.0,423.0,253.0,280.0,260.0,678.0,486.0,291.0,474.0,369.0,526.0,787.0,1581.0,273.0,90.0,590.0,51.0,2987.0,274.0,43.0,555.0,62.0,785.0,598.0,224.0,164.0,601.0,84.0,103.0,16.0,825.0,333.0,239.0,208.0,380.0,423.0,351.0,400.0,2245.0,410.0,391.0,953.0,R1,t56
t57,95.0,654.0,325.0,759.0,1063.0,339.0,107.0,252.0,354.0,380.0,399.0,387.0,564.0,721.0,279.0,816.0,289.0,186.0,404.0,395.0,165.0,216.0,289.0,406.0,181.0,198.0,409.0,739.0,141.0,425.0,1116.0,797.0,239.0,285.0,340.0,506.0,614.0,609.0,1240.0,812.0,375.0,855.0,463.0,1085.0,271.0,517.0,539.0,429.0,508.0,744.0,276.0,308.0,662.0,308.0,749.0,442.0,388.0,461.0,591.0,1003.0,682.0,147.0,100.0,1150.0,33.0,1074.0,497.0,179.0,852.0,122.0,450.0,926.0,837.0,99.0,744.0,42.0,76.0,81.0,1313.0,122.0,196.0,174.0,494.0,269.0,302.0,314.0,888.0,540.0,168.0,426.0,R1,t57
t58,76.0,600.0,339.0,611.0,1337.0,395.0,126.0,419.0,337.0,514.0,384.0,632.0,488.0,500.0,212.0,810.0,430.0,357.0,1067.0,310.0,206.0,135.0,198.0,377.0,151.0,244.0,293.0,699.0,109.0,405.0,477.0,933.0,331.0,499.0,274.0,416.0,495.0,380.0,1470.0,627.0,405.0,533.0,502.0,683.0,398.0,634.0,450.0,718.0,644.0,315.0,437.0,499.0,359.0,286.0,541.0,412.0,352.0,381.0,443.0,730.0,738.0,106.0,93.0,1009.0,24.0,540.0,442.0,190.0,681.0,129.0,333.0,776.0,952.0,87.0,488.0,48.0,89.0,79.0,810.0,164.0,207.0,183.0,532.0,307.0,287.0,200.0,916.0,600.0,170.0,865.0,R1,t58
t59,87.0,854.0,290.0,503.0,729.0,613.0,182.0,538.0,227.0,1197.0,180.0,542.0,833.0,177.0,308.0,1046.0,944.0,513.0,348.0,255.0,224.0,225.0,205.0,335.0,173.0,158.0,248.0,593.0,60.0,505.0,904.0,820.0,393.0,549.0,425.0,875.0,345.0,522.0,1571.0,990.0,460.0,235.0,200.0,878.0,234.0,515.0,315.0,394.0,300.0,2302.0,347.0,837.0,196.0,734.0,504.0,342.0,246.0,426.0,674.0,544.0,349.0,400.0,142.0,540.0,42.0,1059.0,701.0,176.0,873.0,117.0,326.0,2006.0,587.0,90.0,292.0,22.0,95.0,17.0,970.0,103.0,156.0,196.0,322.0,351.0,536.0,299.0,677.0,579.0,179.0,301.0,R1,t59
t60,103.0,1557.0,172.0,281.0,471.0,547.0,162.0,338.0,200.0,867.0,268.0,721.0,940.0,328.0,330.0,1152.0,501.0,539.0,842.0,309.0,248.0,179.0,245.0,183.0,116.0,192.0,188.0,819.0,152.0,444.0,1081.0,752.0,424.0,566.0,207.0,572.0,556.0,322.0,1073.0,639.0,532.0,215.0,280.0,622.0,270.0,735.0,479.0,544.0,218.0,3192.0,540.0,370.0,252.0,392.0,214.0,251.0,399.0,349.0,404.0,519.0,419.0,311.0,167.0,727.0,55.0,653.0,326.0,344.0,1779.0,127.0,266.0,1292.0,824.0,123.0,458.0,29.0,82.0,53.0,689.0,100.0,325.0,101.0,274.0,300.0,514.0,354.0,835.0,442.0,244.0,364.0,R1,t60
t61,86.0,545.0,227.0,623.0,988.0,847.0,310.0,299.0,216.0,361.0,242.0,350.0,545.0,697.0,161.0,988.0,470.0,471.0,452.0,328.0,140.0,82.0,366.0,294.0,63.0,156.0,199.0,362.0,105.0,400.0,482.0,669.0,726.0,354.0,250.0,814.0,521.0,317.0,559.0,304.0,537.0,673.0,366.0,652.0,484.0,696.0,638.0,389.0,949.0,782.0,462.0,390.0,640.0,243.0,297.0,589.0,393.0,93.0,1081.0,720.0,2009.0,152.0,228.0,1378.0,38.0,796.0,423.0,76.0,618.0,321.0,158.0,1331.0,582.0,116.0,615.0,85.0,116.0,64.0,457.0,213.0,159.0,106.0,633.0,381.0,180.0,384.0,315.0,1165.0,163.0,255.0,R1,t61
t62,37.0,339.0,420.0,966.0,1194.0,549.0,225.0,198.0,210.0,502.0,133.0,208.0,1008.0,669.0,148.0,979.0,536.0,412.0,517.0,461.0,157.0,61.0,349.0,257.0,99.0,152.0,274.0,293.0,72.0,406.0,800.0,895.0,780.0,700.0,347.0,783.0,557.0,282.0,526.0,110.0,655.0,808.0,403.0,523.0,400.0,637.0,431.0,256.0,1073.0,531.0,497.0,503.0,433.0,350.0,429.0,376.0,526.0,261.0,518.0,357.0,1451.0,300.0,269.0,1042.0,37.0,1593.0,330.0,32.0,486.0,181.0,180.0,954.0,471.0,107.0,646.0,79.0,81.0,88.0,471.0,96.0,345.0,71.0,405.0,300.0,285.0,446.0,461.0,979.0,110.0,280.0,R1,t62
t63,101.0,1169.0,520.0,575.0,1808.0,1325.0,311.0,338.0,187.0,304.0,200.0,553.0,880.0,522.0,239.0,1163.0,430.0,707.0,834.0,269.0,161.0,199.0,264.0,178.0,115.0,110.0,747.0,356.0,101.0,448.0,515.0,957.0,744.0,1169.0,356.0,521.0,1035.0,575.0,1535.0,210.0,611.0,421.0,301.0,640.0,332.0,1477.0,307.0,453.0,740.0,816.0,259.0,365.0,356.0,278.0,459.0,1260.0,432.0,224.0,314.0,617.0,673.0,277.0,296.0,587.0,18.0,1092.0,334.0,84.0,661.0,399.0,239.0,550.0,222.0,95.0,1014.0,79.0,124.0,51.0,601.0,248.0,143.0,156.0,360.0,482.0,269.0,253.0,529.0,401.0,323.0,549.0,R1,t63
t64,76.0,1056.0,544.0,769.0,1595.0,814.0,256.0,260.0,155.0,499.0,74.0,398.0,1406.0,403.0,273.0,561.0,443.0,441.0,1481.0,421.0,157.0,130.0,135.0,210.0,158.0,92.0,417.0,374.0,94.0,539.0,300.0,667.0,648.0,1122.0,246.0,766.0,750.0,412.0,658.0,179.0,851.0,699.0,404.0,1363.0,420.0,1129.0,443.0,935.0,704.0,513.0,470.0,591.0,254.0,261.0,571.0,796.0,672.0,266.0,523.0,781.0,713.0,153.0,183.0,660.0,37.0,1322.0,454.0,41.0,426.0,351.0,290.0,667.0,645.0,112.0,409.0,44.0,181.0,132.0,465.0,191.0,175.0,133.0,453.0,861.0,190.0,407.0,432.0,670.0,207.0,443.0,R1,t64
t65,1287.0,364.0,945.0,206.0,166.0,518.0,569.0,437.0,292.0,343.0,737.0,341.0,163.0,1210.0,283.0,112.0,244.0,490.0,601.0,484.0,464.0,1608.0,547.0,337.0,149.0,550.0,254.0,482.0,654.0,190.0,437.0,331.0,387.0,258.0,385.0,125.0,263.0,478.0,731.0,230.0,719.0,383.0,501.0,1617.0,695.0,214.0,788.0,686.0,446.0,670.0,272.0,727.0,953.0,416.0,563.0,659.0,624.0,665.0,348.0,200.0,334.0,612.0,363.0,1073.0,329.0,334.0,562.0,373.0,501.0,204.0,245.0,244.0,332.0,208.0,637.0,78.0,715.0,497.0,389.0,351.0,523.0,407.0,524.0,377.0,560.0,1510.0,118.0,773.0,1433.0,445.0,R2,t65
t66,959.0,760.0,806.0,163.0,416.0,252.0,571.0,267.0,418.0,210.0,738.0,334.0,132.0,1358.0,456.0,191.0,262.0,326.0,474.0,479.0,362.0,1363.0,490.0,345.0,104.0,425.0,427.0,631.0,709.0,334.0,242.0,236.0,554.0,576.0,307.0,163.0,203.0,403.0,749.0,243.0,1120.0,392.0,507.0,2040.0,648.0,641.0,356.0,938.0,754.0,785.0,353.0,330.0,675.0,512.0,347.0,336.0,428.0,553.0,278.0,419.0,208.0,655.0,197.0,715.0,356.0,471.0,682.0,342.0,363.0,217.0,425.0,366.0,398.0,168.0,707.0,109.0,517.0,762.0,286.0,423.0,377.0,600.0,334.0,679.0,736.0,759.0,205.0,578.0,675.0,361.0,R2,t66
t67,1076.0,629.0,859.0,221.0,438.0,493.0,656.0,149.0,347.0,297.0,676.0,292.0,341.0,1651.0,296.0,243.0,188.0,320.0,838.0,310.0,418.0,1008.0,743.0,480.0,170.0,441.0,162.0,405.0,1112.0,392.0,711.0,497.0,412.0,406.0,523.0,300.0,236.0,755.0,532.0,238.0,565.0,384.0,568.0,764.0,260.0,896.0,724.0,588.0,478.0,876.0,252.0,261.0,1134.0,339.0,432.0,440.0,481.0,592.0,649.0,165.0,369.0,452.0,235.0,800.0,356.0,600.0,901.0,495.0,531.0,423.0,212.0,290.0,282.0,133.0,405.0,204.0,481.0,345.0,156.0,651.0,320.0,346.0,282.0,634.0,428.0,937.0,137.0,555.0,568.0,569.0,R2,t67
t68,1155.0,743.0,1230.0,170.0,414.0,342.0,517.0,159.0,192.0,469.0,635.0,376.0,517.0,944.0,476.0,233.0,246.0,243.0,804.0,385.0,415.0,1714.0,452.0,345.0,244.0,316.0,311.0,249.0,726.0,280.0,516.0,493.0,350.0,666.0,390.0,267.0,111.0,618.0,582.0,241.0,425.0,244.0,632.0,871.0,307.0,836.0,899.0,605.0,328.0,1344.0,241.0,419.0,1681.0,283.0,490.0,427.0,235.0,478.0,479.0,270.0,336.0,801.0,322.0,641.0,520.0,284.0,802.0,334.0,626.0,327.0,306.0,373.0,339.0,118.0,392.0,211.0,358.0,311.0,178.0,473.0,344.0,235.0,379.0,835.0,245.0,632.0,285.0,667.0,841.0,467.0,R2,t68
t69,1436.0,694.0,2020.0,491.0,351.0,356.0,164.0,213.0,235.0,136.0,837.0,184.0,297.0,1101.0,694.0,382.0,419.0,244.0,178.0,497.0,568.0,1908.0,172.0,473.0,568.0,535.0,438.0,296.0,583.0,533.0,560.0,493.0,1168.0,870.0,659.0,203.0,259.0,323.0,269.0,281.0,658.0,351.0,409.0,575.0,976.0,765.0,1062.0,362.0,353.0,327.0,139.0,292.0,679.0,215.0,299.0,1051.0,777.0,382.0,454.0,187.0,189.0,411.0,150.0,503.0,506.0,433.0,772.0,1031.0,325.0,387.0,238.0,389.0,199.0,145.0,497.0,160.0,510.0,217.0,408.0,496.0,168.0,266.0,235.0,771.0,576.0,1228.0,115.0,243.0,345.0,486.0,R2,t69
t70,1058.0,561.0,1221.0,388.0,405.0,278.0,284.0,173.0,484.0,302.0,614.0,149.0,145.0,1130.0,519.0,795.0,321.0,298.0,223.0,488.0,968.0,943.0,173.0,314.0,648.0,522.0,553.0,456.0,777.0,249.0,750.0,860.0,726.0,807.0,575.0,146.0,130.0,300.0,465.0,338.0,501.0,184.0,453.0,471.0,744.0,594.0,852.0,470.0,266.0,361.0,108.0,442.0,852.0,527.0,437.0,625.0,479.0,537.0,310.0,160.0,218.0,530.0,159.0,355.0,492.0,537.0,492.0,1146.0,235.0,247.0,435.0,553.0,268.0,153.0,618.0,117.0,593.0,587.0,253.0,474.0,387.0,301.0,253.0,934.0,403.0,581.0,129.0,303.0,622.0,531.0,R2,t70
t71,563.0,419.0,2204.0,624.0,608.0,329.0,394.0,151.0,466.0,312.0,769.0,207.0,109.0,1400.0,187.0,384.0,431.0,100.0,439.0,401.0,1778.0,649.0,311.0,305.0,528.0,1325.0,506.0,511.0,404.0,442.0,790.0,315.0,501.0,529.0,520.0,133.0,263.0,346.0,385.0,284.0,653.0,176.0,395.0,798.0,683.0,465.0,408.0,452.0,668.0,668.0,105.0,493.0,436.0,196.0,392.0,516.0,589.0,446.0,284.0,160.0,196.0,611.0,126.0,552.0,324.0,273.0,662.0,648.0,485.0,277.0,407.0,646.0,167.0,316.0,599.0,144.0,436.0,282.0,740.0,264.0,283.0,307.0,291.0,872.0,336.0,757.0,92.0,910.0,1517.0,713.0,R2,t71
t72,959.0,477.0,2809.0,713.0,568.0,303.0,527.0,142.0,401.0,259.0,579.0,151.0,163.0,616.0,260.0,277.0,397.0,58.0,570.0,416.0,1680.0,333.0,335.0,557.0,842.0,619.0,639.0,453.0,486.0,337.0,928.0,380.0,246.0,971.0,459.0,254.0,143.0,386.0,340.0,171.0,540.0,234.0,612.0,582.0,685.0,310.0,344.0,776.0,507.0,451.0,148.0,625.0,608.0,292.0,263.0,352.0,917.0,384.0,463.0,237.0,140.0,686.0,180.0,623.0,421.0,175.0,636.0,719.0,265.0,177.0,331.0,335.0,247.0,118.0,460.0,124.0,393.0,467.0,353.0,510.0,239.0,343.0,426.0,564.0,268.0,924.0,136.0,300.0,577.0,626.0,R2,t72
t73,1868.0,260.0,789.0,499.0,651.0,264.0,285.0,548.0,229.0,134.0,797.0,585.0,351.0,2073.0,197.0,633.0,141.0,196.0,210.0,189.0,76.0,424.0,859.0,501.0,1061.0,776.0,177.0,219.0,500.0,515.0,703.0,414.0,376.0,642.0,1456.0,180.0,375.0,603.0,145.0,641.0,688.0,355.0,366.0,186.0,649.0,569.0,1275.0,440.0,906.0,455.0,267.0,586.0,563.0,529.0,292.0,380.0,631.0,438.0,328.0,636.0,480.0,885.0,49.0,560.0,680.0,213.0,409.0,361.0,369.0,133.0,141.0,165.0,384.0,176.0,342.0,288.0,484.0,367.0,293.0,1059.0,284.0,246.0,416.0,320.0,265.0,1038.0,332.0,830.0,679.0,328.0,R2,t73
t74,2372.0,235.0,610.0,1020.0,693.0,334.0,216.0,248.0,188.0,248.0,621.0,969.0,292.0,1658.0,149.0,602.0,142.0,282.0,255.0,188.0,246.0,516.0,1851.0,315.0,426.0,485.0,367.0,183.0,395.0,389.0,1429.0,375.0,389.0,857.0,1184.0,299.0,664.0,871.0,300.0,509.0,831.0,239.0,709.0,200.0,1014.0,817.0,1397.0,399.0,1146.0,256.0,307.0,313.0,882.0,254.0,292.0,412.0,547.0,339.0,461.0,580.0,587.0,352.0,87.0,820.0,375.0,198.0,531.0,347.0,475.0,179.0,115.0,300.0,330.0,152.0,386.0,283.0,707.0,471.0,584.0,1067.0,305.0,344.0,437.0,621.0,377.0,1565.0,434.0,702.0,626.0,170.0,R2,t74
t75,1443.0,499.0,611.0,347.0,451.0,270.0,172.0,1088.0,315.0,99.0,931.0,548.0,299.0,1567.0,390.0,648.0,240.0,180.0,685.0,579.0,325.0,474.0,1261.0,727.0,776.0,373.0,328.0,321.0,715.0,716.0,600.0,566.0,341.0,588.0,1459.0,134.0,400.0,654.0,315.0,308.0,592.0,331.0,674.0,387.0,604.0,508.0,797.0,585.0,840.0,547.0,211.0,312.0,288.0,255.0,334.0,550.0,877.0,368.0,539.0,333.0,507.0,300.0,71.0,335.0,561.0,231.0,563.0,556.0,481.0,156.0,245.0,191.0,530.0,289.0,682.0,176.0,618.0,199.0,505.0,599.0,353.0,327.0,749.0,651.0,311.0,538.0,399.0,777.0,1841.0,130.0,R2,t75
t76,1394.0,248.0,781.0,621.0,486.0,271.0,271.0,790.0,195.0,118.0,543.0,831.0,514.0,2124.0,350.0,775.0,200.0,179.0,553.0,382.0,354.0,733.0,873.0,577.0,1110.0,706.0,271.0,319.0,610.0,1203.0,390.0,442.0,474.0,1106.0,1180.0,238.0,350.0,579.0,309.0,649.0,672.0,284.0,903.0,237.0,471.0,353.0,444.0,852.0,783.0,289.0,200.0,448.0,365.0,408.0,433.0,356.0,1037.0,599.0,492.0,322.0,405.0,345.0,67.0,494.0,429.0,197.0,564.0,608.0,523.0,391.0,200.0,426.0,250.0,303.0,652.0,294.0,532.0,185.0,605.0,613.0,236.0,271.0,828.0,548.0,316.0,721.0,322.0,647.0,1673.0,239.0,R2,t76
t77,1591.0,213.0,792.0,564.0,300.0,601.0,337.0,367.0,228.0,320.0,576.0,201.0,212.0,870.0,314.0,291.0,767.0,86.0,287.0,226.0,410.0,865.0,1925.0,858.0,440.0,571.0,167.0,308.0,541.0,953.0,268.0,621.0,408.0,442.0,643.0,309.0,409.0,743.0,325.0,434.0,853.0,518.0,634.0,398.0,555.0,871.0,556.0,1207.0,256.0,202.0,266.0,533.0,282.0,698.0,247.0,342.0,418.0,353.0,393.0,326.0,217.0,354.0,112.0,847.0,777.0,135.0,440.0,242.0,497.0,292.0,320.0,221.0,388.0,478.0,1193.0,318.0,677.0,174.0,219.0,277.0,616.0,172.0,386.0,740.0,259.0,1074.0,310.0,1329.0,390.0,465.0,R2,t77
t78,1681.0,181.0,1194.0,451.0,203.0,974.0,346.0,410.0,223.0,381.0,893.0,162.0,280.0,917.0,182.0,690.0,394.0,70.0,171.0,241.0,742.0,954.0,1706.0,839.0,427.0,530.0,223.0,333.0,334.0,1063.0,426.0,594.0,446.0,470.0,750.0,352.0,253.0,716.0,349.0,300.0,740.0,599.0,372.0,464.0,454.0,679.0,749.0,523.0,549.0,380.0,297.0,400.0,383.0,656.0,283.0,310.0,636.0,445.0,282.0,326.0,272.0,232.0,75.0,866.0,699.0,185.0,574.0,425.0,335.0,290.0,242.0,225.0,270.0,321.0,991.0,290.0,687.0,286.0,181.0,334.0,668.0,148.0,552.0,444.0,192.0,1184.0,326.0,1526.0,619.0,492.0,R2,t78
t79,2462.0,161.0,1221.0,181.0,299.0,500.0,796.0,232.0,245.0,239.0,357.0,617.0,550.0,1273.0,138.0,335.0,1241.0,75.0,602.0,547.0,278.0,1077.0,1601.0,692.0,464.0,933.0,534.0,369.0,453.0,863.0,1233.0,406.0,248.0,1429.0,483.0,259.0,480.0,717.0,652.0,248.0,749.0,315.0,790.0,453.0,503.0,644.0,525.0,440.0,497.0,362.0,212.0,829.0,499.0,560.0,309.0,614.0,395.0,385.0,370.0,527.0,187.0,699.0,120.0,404.0,527.0,161.0,457.0,470.0,1036.0,255.0,159.0,326.0,417.0,216.0,561.0,227.0,654.0,228.0,223.0,677.0,570.0,765.0,346.0,595.0,268.0,634.0,431.0,1109.0,583.0,268.0,R2,t79
t80,2672.0,142.0,1579.0,245.0,355.0,298.0,960.0,403.0,343.0,321.0,846.0,483.0,604.0,1057.0,167.0,256.0,1171.0,197.0,671.0,474.0,513.0,825.0,815.0,757.0,745.0,948.0,278.0,347.0,616.0,1169.0,688.0,417.0,272.0,1047.0,505.0,432.0,229.0,511.0,611.0,403.0,609.0,399.0,610.0,443.0,499.0,511.0,429.0,376.0,474.0,504.0,208.0,380.0,182.0,304.0,422.0,515.0,459.0,303.0,590.0,367.0,198.0,493.0,77.0,337.0,437.0,107.0,558.0,820.0,878.0,145.0,115.0,310.0,394.0,267.0,1265.0,199.0,386.0,378.0,253.0,473.0,653.0,424.0,345.0,378.0,509.0,933.0,303.0,1158.0,529.0,322.0,R2,t80
t81,235.0,746.0,441.0,431.0,279.0,733.0,148.0,1107.0,237.0,387.0,585.0,363.0,303.0,588.0,670.0,272.0,584.0,387.0,399.0,122.0,317.0,353.0,573.0,657.0,702.0,326.0,353.0,689.0,549.0,288.0,247.0,423.0,226.0,302.0,706.0,306.0,513.0,611.0,210.0,703.0,238.0,262.0,208.0,557.0,473.0,339.0,418.0,416.0,478.0,893.0,464.0,629.0,1015.0,306.0,216.0,1684.0,984.0,329.0,234.0,113.0,602.0,786.0,180.0,593.0,810.0,833.0,284.0,520.0,882.0,272.0,119.0,539.0,566.0,250.0,430.0,230.0,1127.0,208.0,876.0,645.0,1136.0,513.0,611.0,231.0,403.0,525.0,381.0,199.0,842.0,356.0,R2,t81
t82,144.0,307.0,738.0,317.0,302.0,439.0,281.0,1110.0,257.0,603.0,747.0,300.0,213.0,609.0,278.0,333.0,617.0,197.0,468.0,96.0,241.0,629.0,743.0,442.0,905.0,422.0,300.0,697.0,298.0,228.0,221.0,469.0,284.0,340.0,317.0,224.0,487.0,403.0,318.0,480.0,186.0,195.0,318.0,457.0,454.0,277.0,515.0,414.0,342.0,679.0,607.0,598.0,866.0,377.0,299.0,1395.0,842.0,277.0,187.0,88.0,840.0,629.0,319.0,298.0,762.0,709.0,328.0,401.0,648.0,350.0,135.0,234.0,422.0,215.0,675.0,166.0,841.0,279.0,450.0,324.0,569.0,479.0,732.0,259.0,298.0,601.0,621.0,302.0,801.0,194.0,R2,t82
t83,116.0,360.0,334.0,538.0,208.0,782.0,438.0,359.0,206.0,525.0,792.0,392.0,106.0,418.0,324.0,280.0,669.0,294.0,176.0,342.0,157.0,343.0,1831.0,756.0,796.0,486.0,213.0,491.0,409.0,212.0,157.0,283.0,457.0,436.0,1267.0,291.0,848.0,365.0,217.0,273.0,256.0,235.0,330.0,393.0,223.0,443.0,541.0,484.0,235.0,1095.0,444.0,377.0,1281.0,428.0,397.0,1158.0,413.0,176.0,246.0,206.0,240.0,533.0,326.0,441.0,749.0,587.0,294.0,352.0,542.0,325.0,65.0,441.0,197.0,170.0,989.0,243.0,512.0,301.0,339.0,240.0,661.0,419.0,566.0,248.0,203.0,341.0,428.0,690.0,1569.0,413.0,R2,t83
t84,85.0,501.0,392.0,420.0,344.0,657.0,684.0,348.0,263.0,554.0,801.0,394.0,128.0,1072.0,294.0,352.0,246.0,517.0,216.0,460.0,308.0,434.0,697.0,426.0,867.0,223.0,176.0,381.0,350.0,169.0,123.0,331.0,364.0,438.0,1164.0,304.0,685.0,542.0,172.0,415.0,202.0,247.0,195.0,629.0,173.0,391.0,476.0,390.0,399.0,713.0,385.0,477.0,1357.0,333.0,298.0,1205.0,431.0,211.0,182.0,172.0,327.0,592.0,339.0,491.0,1275.0,523.0,450.0,686.0,702.0,140.0,103.0,419.0,267.0,211.0,1424.0,195.0,319.0,318.0,397.0,141.0,399.0,458.0,893.0,436.0,386.0,499.0,544.0,521.0,1529.0,281.0,R2,t84
t85,519.0,591.0,738.0,355.0,517.0,568.0,410.0,1656.0,227.0,1635.0,415.0,268.0,198.0,571.0,179.0,524.0,328.0,355.0,131.0,132.0,189.0,187.0,1085.0,1190.0,1370.0,137.0,260.0,291.0,409.0,423.0,238.0,294.0,608.0,425.0,1561.0,416.0,497.0,690.0,204.0,349.0,435.0,676.0,274.0,385.0,214.0,566.0,580.0,477.0,658.0,533.0,904.0,452.0,309.0,219.0,435.0,987.0,614.0,442.0,698.0,158.0,413.0,1024.0,125.0,1016.0,1047.0,596.0,173.0,348.0,301.0,280.0,172.0,431.0,488.0,333.0,666.0,175.0,526.0,315.0,492.0,177.0,1053.0,534.0,533.0,323.0,259.0,1525.0,615.0,182.0,1074.0,241.0,R2,t85
t86,413.0,1049.0,854.0,430.0,640.0,609.0,531.0,1441.0,162.0,1336.0,1206.0,307.0,214.0,303.0,255.0,396.0,424.0,319.0,78.0,141.0,215.0,183.0,1397.0,435.0,665.0,152.0,406.0,459.0,526.0,291.0,297.0,292.0,340.0,233.0,1636.0,328.0,928.0,859.0,151.0,194.0,307.0,736.0,271.0,387.0,326.0,459.0,450.0,600.0,631.0,264.0,437.0,256.0,305.0,313.0,551.0,1105.0,955.0,890.0,711.0,164.0,473.0,1002.0,115.0,1399.0,698.0,452.0,316.0,506.0,649.0,230.0,123.0,346.0,304.0,834.0,577.0,131.0,617.0,340.0,391.0,337.0,1002.0,740.0,603.0,622.0,277.0,674.0,682.0,333.0,572.0,357.0,R2,t86
t87,499.0,225.0,610.0,394.0,79.0,435.0,541.0,1450.0,123.0,483.0,2029.0,293.0,242.0,782.0,394.0,231.0,334.0,123.0,198.0,368.0,238.0,497.0,902.0,896.0,1077.0,294.0,600.0,433.0,862.0,151.0,242.0,392.0,649.0,776.0,1096.0,322.0,476.0,563.0,346.0,348.0,179.0,750.0,507.0,564.0,261.0,940.0,311.0,650.0,482.0,229.0,423.0,485.0,724.0,383.0,264.0,266.0,259.0,596.0,763.0,189.0,555.0,615.0,67.0,767.0,437.0,741.0,370.0,660.0,359.0,378.0,133.0,244.0,719.0,479.0,475.0,128.0,876.0,250.0,635.0,310.0,923.0,455.0,342.0,144.0,185.0,453.0,651.0,373.0,469.0,211.0,R2,t87
t88,308.0,475.0,423.0,635.0,164.0,696.0,480.0,898.0,111.0,713.0,1866.0,328.0,258.0,468.0,563.0,162.0,270.0,323.0,182.0,285.0,317.0,214.0,453.0,1229.0,1683.0,281.0,340.0,421.0,705.0,193.0,423.0,276.0,700.0,417.0,771.0,405.0,410.0,576.0,285.0,488.0,215.0,332.0,245.0,740.0,174.0,341.0,458.0,523.0,668.0,428.0,661.0,352.0,379.0,727.0,286.0,536.0,705.0,503.0,416.0,436.0,589.0,649.0,68.0,529.0,436.0,678.0,448.0,721.0,552.0,253.0,299.0,212.0,701.0,595.0,869.0,144.0,803.0,335.0,327.0,417.0,630.0,797.0,695.0,361.0,174.0,419.0,392.0,343.0,672.0,226.0,R2,t88
t89,130.0,128.0,555.0,585.0,277.0,333.0,378.0,1746.0,149.0,204.0,645.0,260.0,175.0,646.0,452.0,612.0,448.0,343.0,453.0,298.0,899.0,217.0,447.0,696.0,312.0,1370.0,433.0,1227.0,686.0,358.0,331.0,834.0,198.0,767.0,538.0,634.0,109.0,1343.0,243.0,396.0,344.0,504.0,969.0,352.0,443.0,376.0,419.0,956.0,319.0,468.0,90.0,717.0,663.0,919.0,167.0,633.0,696.0,206.0,468.0,266.0,350.0,502.0,173.0,221.0,625.0,189.0,308.0,499.0,426.0,355.0,220.0,625.0,612.0,182.0,189.0,195.0,786.0,236.0,281.0,453.0,1013.0,281.0,311.0,374.0,65.0,1076.0,360.0,574.0,1046.0,668.0,R2,t89
t90,114.0,220.0,546.0,652.0,395.0,245.0,404.0,1036.0,234.0,335.0,1073.0,280.0,96.0,397.0,426.0,581.0,334.0,249.0,472.0,272.0,300.0,491.0,527.0,705.0,216.0,1792.0,482.0,332.0,1015.0,273.0,226.0,504.0,216.0,817.0,1024.0,464.0,160.0,586.0,188.0,562.0,241.0,477.0,711.0,301.0,275.0,390.0,401.0,955.0,349.0,706.0,183.0,474.0,878.0,663.0,274.0,721.0,412.0,362.0,299.0,417.0,144.0,543.0,244.0,160.0,653.0,184.0,402.0,646.0,382.0,561.0,173.0,614.0,764.0,143.0,233.0,315.0,713.0,251.0,733.0,377.0,488.0,548.0,447.0,210.0,104.0,1669.0,330.0,704.0,1188.0,444.0,R2,t90
t91,67.0,248.0,293.0,353.0,110.0,114.0,227.0,1442.0,1216.0,414.0,1527.0,332.0,83.0,809.0,948.0,305.0,422.0,425.0,396.0,147.0,255.0,194.0,359.0,573.0,1069.0,2103.0,880.0,798.0,634.0,320.0,242.0,345.0,340.0,344.0,467.0,164.0,167.0,359.0,278.0,330.0,345.0,862.0,628.0,325.0,294.0,363.0,229.0,866.0,279.0,774.0,161.0,366.0,745.0,658.0,305.0,800.0,515.0,400.0,247.0,390.0,238.0,651.0,145.0,418.0,421.0,345.0,576.0,1309.0,458.0,271.0,173.0,666.0,234.0,180.0,172.0,243.0,517.0,238.0,342.0,345.0,1335.0,514.0,597.0,494.0,177.0,715.0,281.0,481.0,1664.0,352.0,R2,t91
t92,132.0,275.0,271.0,243.0,150.0,164.0,483.0,1251.0,455.0,527.0,772.0,499.0,48.0,520.0,591.0,886.0,422.0,187.0,168.0,332.0,383.0,243.0,506.0,605.0,696.0,1133.0,923.0,393.0,574.0,412.0,206.0,411.0,345.0,651.0,686.0,286.0,179.0,663.0,306.0,313.0,289.0,535.0,449.0,289.0,167.0,348.0,350.0,646.0,322.0,620.0,229.0,526.0,1100.0,545.0,383.0,532.0,436.0,308.0,270.0,397.0,168.0,975.0,168.0,276.0,616.0,291.0,491.0,874.0,443.0,388.0,196.0,361.0,351.0,133.0,211.0,137.0,704.0,267.0,175.0,396.0,790.0,500.0,675.0,607.0,179.0,576.0,420.0,460.0,1685.0,521.0,R2,t92
t93,408.0,327.0,204.0,322.0,213.0,321.0,261.0,533.0,441.0,274.0,973.0,297.0,230.0,864.0,838.0,764.0,481.0,402.0,277.0,132.0,627.0,269.0,253.0,776.0,1435.0,851.0,376.0,398.0,1228.0,163.0,508.0,417.0,643.0,1246.0,487.0,425.0,231.0,826.0,239.0,482.0,444.0,391.0,501.0,759.0,315.0,239.0,583.0,973.0,369.0,403.0,191.0,797.0,354.0,564.0,551.0,708.0,1888.0,363.0,331.0,210.0,273.0,350.0,139.0,123.0,679.0,125.0,514.0,862.0,812.0,190.0,237.0,1060.0,536.0,200.0,1325.0,133.0,692.0,200.0,250.0,353.0,1061.0,603.0,663.0,382.0,508.0,967.0,361.0,1790.0,755.0,771.0,R2,t93
t94,194.0,195.0,321.0,268.0,282.0,242.0,530.0,411.0,542.0,164.0,1149.0,135.0,165.0,712.0,487.0,457.0,702.0,375.0,292.0,105.0,440.0,233.0,450.0,1049.0,497.0,945.0,396.0,277.0,686.0,161.0,238.0,415.0,495.0,885.0,436.0,159.0,384.0,539.0,348.0,549.0,584.0,173.0,554.0,564.0,212.0,305.0,598.0,692.0,252.0,280.0,253.0,651.0,471.0,733.0,343.0,517.0,1036.0,226.0,228.0,351.0,429.0,295.0,210.0,169.0,534.0,240.0,183.0,928.0,540.0,126.0,224.0,482.0,457.0,133.0,729.0,112.0,695.0,159.0,196.0,329.0,1410.0,568.0,687.0,465.0,591.0,507.0,423.0,1120.0,638.0,424.0,R2,t94
t95,435.0,298.0,208.0,270.0,322.0,296.0,237.0,426.0,179.0,191.0,533.0,174.0,139.0,453.0,356.0,498.0,966.0,238.0,225.0,249.0,609.0,718.0,286.0,1258.0,280.0,725.0,367.0,314.0,1295.0,216.0,274.0,284.0,184.0,803.0,785.0,270.0,597.0,523.0,219.0,385.0,387.0,572.0,506.0,361.0,282.0,401.0,223.0,502.0,276.0,675.0,208.0,460.0,379.0,397.0,643.0,460.0,858.0,411.0,171.0,126.0,160.0,608.0,150.0,235.0,540.0,111.0,213.0,692.0,1291.0,439.0,272.0,841.0,560.0,131.0,425.0,144.0,3419.0,164.0,449.0,406.0,375.0,351.0,661.0,459.0,486.0,1090.0,197.0,892.0,776.0,391.0,R2,t95
t96,417.0,270.0,330.0,173.0,406.0,221.0,275.0,387.0,257.0,89.0,1076.0,363.0,134.0,926.0,384.0,521.0,346.0,310.0,195.0,185.0,812.0,531.0,402.0,1132.0,485.0,703.0,305.0,493.0,1399.0,381.0,184.0,344.0,263.0,725.0,463.0,503.0,385.0,467.0,155.0,443.0,700.0,365.0,948.0,463.0,288.0,197.0,218.0,374.0,261.0,452.0,141.0,410.0,232.0,890.0,465.0,409.0,791.0,275.0,253.0,87.0,342.0,558.0,112.0,266.0,479.0,163.0,149.0,1077.0,358.0,231.0,355.0,592.0,510.0,219.0,261.0,128.0,2480.0,252.0,232.0,246.0,451.0,477.0,1074.0,520.0,278.0,760.0,221.0,678.0,432.0,231.0,R2,t96
t97,619.0,667.0,934.0,338.0,513.0,483.0,786.0,794.0,292.0,202.0,1136.0,540.0,222.0,491.0,476.0,447.0,342.0,421.0,362.0,92.0,1017.0,374.0,271.0,424.0,1012.0,234.0,235.0,250.0,517.0,164.0,689.0,511.0,249.0,307.0,534.0,208.0,1116.0,336.0,500.0,377.0,178.0,517.0,512.0,397.0,404.0,587.0,494.0,369.0,631.0,383.0,487.0,125.0,292.0,240.0,363.0,221.0,780.0,440.0,915.0,482.0,674.0,568.0,122.0,499.0,413.0,552.0,822.0,337.0,239.0,214.0,214.0,305.0,360.0,175.0,546.0,324.0,640.0,258.0,711.0,327.0,625.0,1137.0,1021.0,873.0,343.0,425.0,196.0,446.0,579.0,537.0,R2,t97
t98,500.0,962.0,319.0,732.0,879.0,390.0,1234.0,842.0,471.0,211.0,1077.0,599.0,151.0,711.0,464.0,458.0,442.0,297.0,355.0,148.0,857.0,1185.0,419.0,441.0,1190.0,445.0,429.0,333.0,366.0,174.0,784.0,544.0,516.0,401.0,406.0,244.0,783.0,407.0,373.0,322.0,246.0,413.0,724.0,422.0,301.0,589.0,449.0,445.0,426.0,589.0,484.0,231.0,567.0,264.0,415.0,216.0,1167.0,521.0,1020.0,530.0,464.0,361.0,243.0,414.0,319.0,774.0,776.0,373.0,346.0,189.0,212.0,262.0,473.0,131.0,788.0,246.0,1075.0,212.0,466.0,267.0,442.0,1412.0,956.0,366.0,237.0,721.0,157.0,636.0,502.0,440.0,R2,t98
t99,341.0,477.0,509.0,995.0,1050.0,231.0,1234.0,570.0,422.0,203.0,363.0,449.0,468.0,286.0,417.0,372.0,433.0,191.0,646.0,318.0,1400.0,618.0,701.0,534.0,1050.0,678.0,183.0,884.0,292.0,310.0,584.0,815.0,163.0,550.0,316.0,347.0,560.0,303.0,295.0,555.0,623.0,589.0,307.0,418.0,1159.0,643.0,270.0,264.0,362.0,232.0,632.0,303.0,989.0,129.0,502.0,520.0,455.0,464.0,934.0,954.0,359.0,669.0,91.0,795.0,623.0,691.0,1009.0,496.0,233.0,320.0,172.0,266.0,323.0,280.0,605.0,174.0,941.0,213.0,392.0,210.0,772.0,660.0,857.0,349.0,974.0,343.0,83.0,501.0,460.0,245.0,R2,t99
t100,461.0,489.0,249.0,1434.0,629.0,155.0,2400.0,1016.0,342.0,236.0,349.0,558.0,406.0,419.0,437.0,460.0,313.0,119.0,586.0,217.0,1708.0,276.0,700.0,256.0,1570.0,329.0,274.0,641.0,224.0,238.0,463.0,426.0,103.0,448.0,294.0,478.0,951.0,348.0,326.0,474.0,393.0,380.0,392.0,685.0,1274.0,430.0,318.0,344.0,283.0,159.0,1055.0,360.0,523.0,129.0,508.0,312.0,571.0,425.0,804.0,1016.0,362.0,681.0,228.0,876.0,383.0,437.0,1501.0,300.0,196.0,316.0,223.0,254.0,221.0,174.0,417.0,219.0,1109.0,273.0,530.0,194.0,551.0,973.0,1092.0,218.0,422.0,432.0,242.0,319.0,414.0,469.0,R2,t100
t101,616.0,166.0,230.0,304.0,574.0,238.0,671.0,220.0,336.0,752.0,1011.0,736.0,310.0,311.0,1183.0,214.0,180.0,102.0,848.0,256.0,1035.0,497.0,368.0,1725.0,877.0,487.0,207.0,420.0,1178.0,448.0,1106.0,699.0,214.0,491.0,539.0,1038.0,357.0,313.0,358.0,468.0,388.0,528.0,685.0,646.0,221.0,1097.0,179.0,269.0,374.0,498.0,792.0,358.0,281.0,365.0,527.0,283.0,413.0,460.0,1261.0,484.0,187.0,579.0,225.0,270.0,492.0,310.0,1936.0,541.0,505.0,204.0,294.0,178.0,417.0,177.0,1417.0,184.0,878.0,249.0,197.0,365.0,1054.0,1420.0,1179.0,455.0,428.0,279.0,160.0,646.0,156.0,790.0,R2,t101
t102,537.0,293.0,432.0,145.0,388.0,265.0,708.0,219.0,269.0,605.0,847.0,1074.0,378.0,184.0,1322.0,260.0,265.0,109.0,785.0,126.0,1070.0,489.0,393.0,538.0,1951.0,452.0,477.0,467.0,925.0,863.0,918.0,745.0,177.0,418.0,352.0,495.0,587.0,626.0,479.0,364.0,369.0,550.0,1700.0,587.0,165.0,949.0,176.0,384.0,371.0,528.0,1198.0,193.0,316.0,354.0,821.0,645.0,317.0,198.0,709.0,444.0,267.0,392.0,286.0,635.0,310.0,440.0,1527.0,498.0,511.0,545.0,349.0,247.0,475.0,237.0,1116.0,301.0,1258.0,244.0,624.0,320.0,701.0,1493.0,569.0,365.0,542.0,295.0,254.0,465.0,184.0,698.0,R2,t102
t103,543.0,186.0,339.0,385.0,256.0,311.0,438.0,282.0,378.0,802.0,954.0,688.0,261.0,586.0,1133.0,193.0,225.0,54.0,422.0,256.0,2933.0,615.0,506.0,585.0,1450.0,365.0,645.0,503.0,1106.0,383.0,661.0,756.0,180.0,510.0,400.0,329.0,847.0,520.0,350.0,326.0,333.0,199.0,698.0,585.0,412.0,961.0,194.0,305.0,689.0,293.0,608.0,454.0,218.0,640.0,661.0,253.0,451.0,251.0,1014.0,396.0,335.0,699.0,347.0,300.0,518.0,224.0,956.0,1042.0,598.0,417.0,343.0,220.0,179.0,241.0,484.0,286.0,680.0,411.0,561.0,236.0,1261.0,1358.0,1036.0,525.0,436.0,110.0,176.0,459.0,348.0,1356.0,R2,t103
t104,443.0,185.0,275.0,217.0,491.0,465.0,513.0,439.0,803.0,260.0,664.0,636.0,313.0,397.0,1084.0,444.0,365.0,182.0,526.0,139.0,1914.0,612.0,418.0,956.0,1389.0,483.0,603.0,419.0,659.0,254.0,666.0,973.0,334.0,814.0,428.0,587.0,539.0,591.0,265.0,356.0,303.0,235.0,1273.0,583.0,638.0,665.0,272.0,315.0,557.0,332.0,751.0,283.0,330.0,467.0,442.0,312.0,402.0,202.0,920.0,605.0,314.0,506.0,348.0,520.0,420.0,231.0,889.0,1157.0,594.0,345.0,257.0,339.0,365.0,89.0,350.0,346.0,786.0,355.0,466.0,366.0,1334.0,801.0,507.0,362.0,886.0,404.0,193.0,968.0,440.0,833.0,R2,t104
t105,719.0,180.0,218.0,610.0,483.0,395.0,589.0,79.0,993.0,131.0,295.0,306.0,171.0,724.0,440.0,297.0,152.0,439.0,391.0,175.0,1187.0,657.0,231.0,608.0,575.0,199.0,1110.0,434.0,294.0,337.0,803.0,306.0,146.0,557.0,298.0,1063.0,285.0,801.0,949.0,434.0,433.0,1206.0,1191.0,834.0,556.0,403.0,353.0,125.0,223.0,533.0,435.0,309.0,701.0,753.0,462.0,427.0,961.0,313.0,366.0,386.0,325.0,282.0,226.0,1208.0,410.0,722.0,221.0,681.0,251.0,306.0,123.0,231.0,641.0,186.0,795.0,263.0,250.0,358.0,443.0,278.0,360.0,1028.0,278.0,800.0,318.0,718.0,598.0,1043.0,874.0,241.0,R2,t105
t106,571.0,171.0,370.0,561.0,373.0,352.0,442.0,147.0,1012.0,139.0,242.0,322.0,198.0,609.0,253.0,271.0,119.0,308.0,460.0,154.0,2779.0,678.0,257.0,664.0,1217.0,377.0,1229.0,414.0,290.0,313.0,637.0,448.0,131.0,525.0,326.0,970.0,229.0,725.0,617.0,332.0,362.0,1008.0,963.0,601.0,577.0,828.0,471.0,134.0,313.0,435.0,599.0,806.0,508.0,669.0,667.0,586.0,545.0,523.0,331.0,658.0,481.0,410.0,192.0,608.0,683.0,904.0,237.0,568.0,257.0,230.0,273.0,159.0,804.0,144.0,475.0,350.0,252.0,358.0,614.0,211.0,494.0,1180.0,369.0,1185.0,326.0,607.0,446.0,835.0,450.0,245.0,R2,t106
t107,512.0,201.0,359.0,307.0,243.0,525.0,559.0,370.0,232.0,191.0,270.0,162.0,369.0,1539.0,838.0,413.0,82.0,278.0,440.0,143.0,1278.0,887.0,266.0,1241.0,479.0,852.0,788.0,418.0,341.0,660.0,959.0,172.0,264.0,299.0,358.0,771.0,761.0,610.0,820.0,415.0,393.0,831.0,398.0,256.0,1401.0,901.0,516.0,200.0,311.0,400.0,363.0,436.0,614.0,605.0,951.0,540.0,484.0,220.0,382.0,475.0,498.0,865.0,134.0,436.0,546.0,858.0,309.0,393.0,441.0,446.0,165.0,262.0,815.0,147.0,255.0,120.0,507.0,267.0,288.0,894.0,652.0,1835.0,462.0,1023.0,284.0,493.0,300.0,399.0,394.0,393.0,R2,t107
t108,261.0,333.0,310.0,500.0,324.0,203.0,349.0,279.0,259.0,134.0,170.0,125.0,486.0,1102.0,620.0,266.0,252.0,171.0,475.0,54.0,1031.0,535.0,185.0,1001.0,398.0,719.0,623.0,309.0,459.0,521.0,1230.0,224.0,149.0,491.0,266.0,890.0,666.0,365.0,480.0,431.0,273.0,416.0,503.0,194.0,1059.0,462.0,515.0,189.0,458.0,633.0,567.0,479.0,805.0,535.0,927.0,449.0,618.0,209.0,928.0,538.0,308.0,713.0,198.0,424.0,302.0,1025.0,288.0,611.0,417.0,377.0,102.0,219.0,631.0,197.0,526.0,115.0,569.0,345.0,487.0,557.0,414.0,1898.0,335.0,788.0,171.0,445.0,246.0,435.0,464.0,606.0,R2,t108
t109,1258.0,357.0,204.0,402.0,206.0,161.0,913.0,414.0,732.0,528.0,448.0,151.0,595.0,453.0,387.0,230.0,464.0,397.0,617.0,52.0,1225.0,561.0,625.0,783.0,330.0,435.0,413.0,420.0,453.0,274.0,473.0,480.0,522.0,254.0,346.0,586.0,381.0,505.0,407.0,407.0,270.0,1705.0,1034.0,400.0,1379.0,410.0,302.0,186.0,388.0,545.0,291.0,182.0,497.0,1056.0,618.0,340.0,488.0,711.0,647.0,325.0,466.0,596.0,562.0,418.0,371.0,620.0,309.0,526.0,736.0,289.0,188.0,183.0,354.0,125.0,274.0,261.0,1285.0,377.0,431.0,317.0,546.0,528.0,471.0,544.0,267.0,644.0,821.0,576.0,980.0,486.0,R2,t109
t110,1140.0,183.0,294.0,803.0,381.0,290.0,1454.0,287.0,919.0,258.0,503.0,176.0,190.0,559.0,191.0,231.0,798.0,381.0,344.0,50.0,964.0,584.0,363.0,676.0,560.0,284.0,612.0,375.0,691.0,390.0,614.0,518.0,309.0,230.0,267.0,608.0,387.0,609.0,727.0,412.0,299.0,1164.0,443.0,335.0,1303.0,635.0,203.0,344.0,611.0,358.0,444.0,233.0,372.0,846.0,926.0,201.0,407.0,811.0,803.0,571.0,748.0,470.0,245.0,594.0,423.0,469.0,973.0,700.0,679.0,236.0,128.0,234.0,277.0,101.0,242.0,736.0,894.0,379.0,294.0,645.0,298.0,593.0,385.0,612.0,379.0,531.0,419.0,550.0,795.0,419.0,R2,t110
t111,468.0,178.0,131.0,454.0,186.0,365.0,934.0,422.0,820.0,279.0,141.0,137.0,283.0,349.0,421.0,114.0,274.0,276.0,738.0,57.0,1090.0,508.0,154.0,1172.0,898.0,282.0,350.0,978.0,566.0,741.0,597.0,566.0,242.0,948.0,246.0,788.0,525.0,590.0,641.0,385.0,426.0,737.0,1057.0,778.0,792.0,536.0,306.0,178.0,496.0,197.0,418.0,343.0,580.0,713.0,524.0,570.0,740.0,416.0,1029.0,386.0,186.0,378.0,228.0,356.0,220.0,592.0,524.0,898.0,322.0,428.0,170.0,152.0,365.0,444.0,330.0,241.0,606.0,411.0,787.0,595.0,253.0,1050.0,430.0,1330.0,228.0,645.0,251.0,480.0,509.0,458.0,R2,t111
t112,585.0,355.0,246.0,519.0,378.0,314.0,1641.0,243.0,557.0,309.0,160.0,190.0,242.0,373.0,482.0,190.0,267.0,373.0,432.0,125.0,851.0,999.0,321.0,551.0,822.0,190.0,322.0,862.0,481.0,867.0,646.0,477.0,306.0,566.0,290.0,480.0,579.0,489.0,1048.0,441.0,353.0,567.0,739.0,887.0,489.0,435.0,373.0,227.0,656.0,396.0,561.0,139.0,732.0,673.0,871.0,437.0,923.0,632.0,416.0,376.0,205.0,652.0,182.0,445.0,390.0,868.0,481.0,877.0,741.0,286.0,170.0,129.0,434.0,309.0,256.0,291.0,437.0,361.0,283.0,639.0,572.0,1219.0,465.0,861.0,392.0,524.0,488.0,572.0,381.0,429.0,R2,t112
t113,430.0,628.0,673.0,909.0,431.0,346.0,258.0,151.0,332.0,1282.0,545.0,377.0,408.0,101.0,125.0,76.0,201.0,295.0,881.0,158.0,951.0,496.0,884.0,454.0,1375.0,792.0,405.0,281.0,1396.0,181.0,275.0,103.0,91.0,202.0,1132.0,393.0,1243.0,436.0,211.0,788.0,366.0,701.0,525.0,272.0,548.0,1371.0,338.0,213.0,448.0,847.0,698.0,1191.0,309.0,287.0,1100.0,481.0,691.0,1404.0,456.0,339.0,541.0,588.0,77.0,450.0,726.0,263.0,510.0,610.0,912.0,93.0,340.0,769.0,660.0,298.0,376.0,225.0,215.0,255.0,260.0,921.0,559.0,1161.0,580.0,547.0,422.0,533.0,324.0,334.0,474.0,806.0,R2,t113
t114,319.0,506.0,666.0,978.0,477.0,230.0,212.0,179.0,722.0,1574.0,668.0,503.0,440.0,253.0,369.0,86.0,253.0,372.0,866.0,137.0,1053.0,380.0,791.0,613.0,1879.0,895.0,535.0,406.0,1024.0,190.0,460.0,180.0,70.0,211.0,823.0,443.0,978.0,272.0,171.0,923.0,409.0,395.0,1078.0,234.0,562.0,1038.0,314.0,220.0,320.0,632.0,813.0,843.0,293.0,514.0,850.0,548.0,638.0,2167.0,663.0,314.0,232.0,485.0,95.0,543.0,1030.0,228.0,336.0,389.0,538.0,299.0,294.0,559.0,341.0,344.0,401.0,145.0,461.0,223.0,702.0,1193.0,541.0,2054.0,881.0,521.0,354.0,506.0,309.0,211.0,276.0,410.0,R2,t114
t115,259.0,711.0,303.0,1162.0,340.0,254.0,240.0,281.0,336.0,1920.0,866.0,318.0,189.0,200.0,332.0,144.0,373.0,505.0,266.0,103.0,1157.0,216.0,590.0,432.0,922.0,1474.0,728.0,480.0,1845.0,343.0,481.0,95.0,141.0,274.0,838.0,314.0,493.0,305.0,480.0,1154.0,320.0,917.0,917.0,286.0,201.0,733.0,304.0,199.0,244.0,386.0,1185.0,1333.0,311.0,450.0,756.0,517.0,555.0,761.0,477.0,429.0,598.0,312.0,245.0,393.0,683.0,639.0,510.0,416.0,883.0,263.0,286.0,475.0,913.0,243.0,507.0,235.0,468.0,233.0,670.0,620.0,513.0,1328.0,193.0,580.0,204.0,719.0,373.0,377.0,419.0,721.0,R2,t115
t116,290.0,666.0,340.0,363.0,691.0,508.0,307.0,213.0,748.0,884.0,1366.0,554.0,241.0,136.0,197.0,101.0,209.0,347.0,424.0,79.0,700.0,216.0,484.0,364.0,951.0,2758.0,989.0,197.0,1530.0,238.0,293.0,145.0,145.0,353.0,576.0,457.0,633.0,304.0,332.0,1395.0,281.0,480.0,585.0,217.0,290.0,912.0,354.0,225.0,417.0,548.0,728.0,578.0,297.0,393.0,819.0,480.0,643.0,542.0,471.0,332.0,238.0,490.0,180.0,352.0,942.0,511.0,852.0,246.0,1484.0,299.0,215.0,313.0,720.0,249.0,339.0,250.0,494.0,309.0,430.0,374.0,485.0,1495.0,583.0,381.0,245.0,219.0,413.0,381.0,549.0,419.0,R2,t116
t117,927.0,260.0,488.0,547.0,130.0,404.0,306.0,113.0,889.0,1064.0,826.0,458.0,588.0,334.0,178.0,156.0,190.0,251.0,310.0,169.0,166.0,344.0,310.0,204.0,348.0,923.0,573.0,239.0,337.0,327.0,379.0,391.0,182.0,750.0,682.0,580.0,449.0,549.0,264.0,880.0,310.0,2188.0,547.0,119.0,517.0,582.0,516.0,465.0,731.0,343.0,472.0,1459.0,526.0,1155.0,715.0,544.0,784.0,940.0,463.0,260.0,344.0,720.0,254.0,341.0,572.0,212.0,327.0,552.0,549.0,201.0,157.0,240.0,385.0,231.0,304.0,116.0,325.0,379.0,1024.0,189.0,662.0,913.0,454.0,729.0,369.0,729.0,313.0,192.0,210.0,380.0,R2,t117
t118,347.0,289.0,213.0,494.0,194.0,406.0,372.0,232.0,660.0,955.0,1262.0,513.0,450.0,436.0,218.0,270.0,200.0,202.0,298.0,339.0,372.0,222.0,242.0,176.0,466.0,1440.0,594.0,289.0,521.0,401.0,328.0,653.0,231.0,603.0,793.0,431.0,306.0,316.0,479.0,1354.0,479.0,1402.0,746.0,220.0,528.0,395.0,550.0,265.0,914.0,373.0,763.0,1029.0,459.0,1084.0,581.0,390.0,605.0,1389.0,350.0,200.0,314.0,432.0,247.0,681.0,821.0,184.0,303.0,428.0,796.0,188.0,278.0,291.0,831.0,315.0,390.0,108.0,682.0,218.0,1310.0,228.0,655.0,1417.0,732.0,716.0,708.0,812.0,313.0,225.0,269.0,547.0,R2,t118
t119,325.0,352.0,564.0,760.0,116.0,419.0,357.0,204.0,892.0,707.0,1161.0,437.0,419.0,471.0,342.0,250.0,68.0,170.0,983.0,316.0,269.0,421.0,159.0,303.0,876.0,1550.0,655.0,374.0,441.0,670.0,595.0,450.0,257.0,309.0,1266.0,305.0,396.0,371.0,311.0,1224.0,221.0,901.0,548.0,180.0,764.0,354.0,241.0,307.0,438.0,211.0,826.0,1115.0,700.0,418.0,531.0,350.0,1119.0,855.0,509.0,282.0,272.0,570.0,538.0,804.0,565.0,148.0,831.0,330.0,946.0,128.0,148.0,170.0,573.0,118.0,575.0,158.0,508.0,255.0,1118.0,227.0,936.0,1803.0,658.0,1055.0,169.0,756.0,516.0,300.0,242.0,722.0,R2,t119
t120,205.0,261.0,761.0,412.0,161.0,611.0,306.0,115.0,919.0,1312.0,1628.0,542.0,863.0,652.0,331.0,160.0,90.0,194.0,526.0,251.0,325.0,803.0,197.0,507.0,348.0,1470.0,721.0,790.0,535.0,927.0,474.0,562.0,172.0,453.0,1231.0,303.0,495.0,322.0,318.0,2056.0,348.0,2347.0,304.0,221.0,476.0,251.0,284.0,191.0,348.0,271.0,1654.0,1510.0,624.0,429.0,755.0,205.0,747.0,509.0,290.0,382.0,194.0,663.0,477.0,661.0,950.0,261.0,319.0,260.0,596.0,203.0,143.0,234.0,626.0,176.0,502.0,143.0,512.0,163.0,562.0,411.0,1130.0,1604.0,813.0,636.0,156.0,890.0,507.0,577.0,272.0,420.0,R2,t120
t121,497.0,268.0,303.0,607.0,181.0,502.0,149.0,535.0,1075.0,588.0,129.0,402.0,334.0,72.0,601.0,242.0,519.0,178.0,721.0,67.0,924.0,917.0,409.0,202.0,250.0,1283.0,470.0,764.0,1347.0,342.0,462.0,317.0,91.0,751.0,380.0,563.0,288.0,244.0,533.0,890.0,248.0,598.0,352.0,224.0,488.0,282.0,260.0,398.0,440.0,954.0,266.0,792.0,435.0,1073.0,575.0,426.0,423.0,391.0,348.0,96.0,193.0,546.0,130.0,534.0,831.0,765.0,433.0,362.0,1302.0,364.0,128.0,364.0,654.0,448.0,344.0,169.0,1285.0,177.0,368.0,918.0,590.0,769.0,310.0,647.0,132.0,500.0,116.0,1014.0,283.0,503.0,R2,t121
t122,552.0,242.0,353.0,389.0,242.0,624.0,102.0,207.0,781.0,651.0,190.0,246.0,373.0,143.0,798.0,299.0,402.0,161.0,501.0,66.0,496.0,2141.0,412.0,344.0,573.0,1685.0,519.0,975.0,1411.0,410.0,402.0,236.0,227.0,515.0,419.0,361.0,533.0,301.0,417.0,1087.0,143.0,540.0,323.0,245.0,280.0,589.0,381.0,308.0,363.0,704.0,156.0,667.0,306.0,625.0,863.0,289.0,534.0,487.0,348.0,200.0,175.0,611.0,117.0,232.0,527.0,781.0,368.0,338.0,1417.0,421.0,299.0,445.0,1336.0,368.0,412.0,106.0,868.0,163.0,392.0,460.0,619.0,646.0,337.0,775.0,146.0,470.0,173.0,738.0,239.0,610.0,R2,t122
t123,297.0,372.0,249.0,456.0,464.0,1475.0,53.0,529.0,1231.0,1027.0,439.0,588.0,311.0,258.0,746.0,239.0,171.0,269.0,247.0,56.0,741.0,1133.0,449.0,289.0,664.0,919.0,426.0,392.0,710.0,1001.0,452.0,257.0,187.0,397.0,456.0,350.0,320.0,255.0,927.0,1182.0,173.0,488.0,416.0,256.0,524.0,567.0,278.0,179.0,337.0,880.0,319.0,374.0,421.0,471.0,634.0,458.0,254.0,403.0,349.0,448.0,383.0,1236.0,166.0,402.0,731.0,186.0,561.0,358.0,656.0,536.0,139.0,764.0,618.0,389.0,800.0,143.0,750.0,294.0,377.0,765.0,577.0,451.0,195.0,372.0,188.0,275.0,208.0,712.0,267.0,456.0,R2,t123
t124,128.0,511.0,547.0,656.0,518.0,941.0,48.0,348.0,646.0,595.0,392.0,579.0,285.0,246.0,372.0,188.0,253.0,270.0,693.0,124.0,389.0,870.0,473.0,419.0,805.0,1131.0,675.0,215.0,644.0,773.0,735.0,258.0,185.0,441.0,642.0,463.0,453.0,365.0,328.0,1084.0,184.0,505.0,433.0,354.0,478.0,350.0,527.0,146.0,454.0,1036.0,418.0,500.0,244.0,392.0,571.0,538.0,352.0,699.0,290.0,297.0,284.0,706.0,191.0,344.0,616.0,438.0,504.0,407.0,762.0,449.0,142.0,777.0,716.0,571.0,440.0,173.0,573.0,334.0,264.0,817.0,484.0,867.0,204.0,405.0,225.0,276.0,264.0,769.0,145.0,673.0,R2,t124
t125,583.0,346.0,387.0,772.0,217.0,1188.0,278.0,370.0,939.0,904.0,500.0,283.0,364.0,122.0,275.0,135.0,107.0,362.0,228.0,56.0,266.0,405.0,300.0,289.0,824.0,784.0,296.0,848.0,585.0,394.0,422.0,389.0,214.0,476.0,703.0,496.0,347.0,263.0,375.0,1155.0,376.0,577.0,1115.0,357.0,724.0,332.0,554.0,273.0,272.0,675.0,421.0,856.0,558.0,864.0,382.0,441.0,394.0,521.0,112.0,198.0,96.0,780.0,657.0,161.0,779.0,78.0,186.0,281.0,604.0,314.0,246.0,434.0,390.0,363.0,969.0,120.0,1283.0,63.0,441.0,814.0,895.0,787.0,443.0,687.0,361.0,721.0,184.0,570.0,667.0,317.0,R2,t125
t126,543.0,437.0,334.0,633.0,210.0,2819.0,552.0,466.0,595.0,1200.0,678.0,448.0,614.0,271.0,367.0,150.0,251.0,240.0,310.0,106.0,240.0,230.0,267.0,452.0,561.0,729.0,369.0,1353.0,553.0,479.0,269.0,316.0,268.0,409.0,560.0,557.0,453.0,200.0,314.0,764.0,436.0,775.0,912.0,546.0,563.0,265.0,437.0,290.0,458.0,507.0,667.0,1117.0,344.0,726.0,419.0,393.0,177.0,352.0,233.0,240.0,126.0,653.0,327.0,303.0,728.0,221.0,163.0,296.0,1151.0,378.0,317.0,384.0,376.0,339.0,801.0,92.0,771.0,146.0,691.0,803.0,554.0,1140.0,510.0,455.0,250.0,868.0,152.0,456.0,971.0,243.0,R2,t126
t127,498.0,492.0,569.0,600.0,313.0,2774.0,188.0,622.0,1131.0,1121.0,694.0,257.0,251.0,167.0,278.0,347.0,252.0,307.0,164.0,57.0,336.0,520.0,265.0,317.0,642.0,796.0,1574.0,1545.0,405.0,1192.0,474.0,451.0,288.0,456.0,547.0,611.0,522.0,165.0,308.0,915.0,287.0,901.0,522.0,528.0,934.0,272.0,388.0,330.0,274.0,530.0,1167.0,671.0,975.0,1035.0,1078.0,426.0,580.0,277.0,300.0,290.0,139.0,527.0,582.0,705.0,868.0,224.0,322.0,219.0,1148.0,339.0,232.0,425.0,610.0,234.0,528.0,231.0,859.0,228.0,342.0,1101.0,358.0,626.0,573.0,184.0,533.0,987.0,338.0,516.0,232.0,429.0,R2,t127
t128,417.0,736.0,389.0,413.0,213.0,1213.0,433.0,691.0,678.0,933.0,676.0,208.0,284.0,112.0,212.0,202.0,109.0,283.0,192.0,85.0,566.0,390.0,354.0,767.0,462.0,716.0,1154.0,1175.0,301.0,1000.0,678.0,668.0,278.0,429.0,743.0,745.0,255.0,282.0,263.0,950.0,221.0,780.0,573.0,429.0,990.0,515.0,560.0,420.0,343.0,539.0,1046.0,573.0,1063.0,705.0,951.0,454.0,378.0,551.0,156.0,484.0,211.0,400.0,366.0,895.0,556.0,290.0,205.0,441.0,1774.0,226.0,201.0,411.0,693.0,213.0,582.0,178.0,993.0,182.0,258.0,1187.0,357.0,596.0,385.0,275.0,350.0,833.0,269.0,391.0,440.0,630.0,R2,t128
