rep,div,theta_cov50,theta_cov90,theta_mean,theta_sd,theta_rank,sigma_cov50,sigma_cov90,sigma_mean,sigma_sd,sigma_rank,tau_cov50,tau_cov90,tau_mean,tau_sd,tau_rank
0,0,0,1,1.6573240676071428,0.3996373484347531,0.8078571428571428,1,1,1.071996696042857,0.13831289793232185,0.325,0,1,0.3732193800492857,0.10601364495385919,0.205
1,0,0,1,1.6722945106214284,0.434603201167722,0.7742857142857142,0,0,1.195018743807143,0.10449789252805881,0.03857142857142857,0,1,0.173685231152395,0.1083851691209201,0.8492857142857143
2,0,1,1,1.8099747474714285,0.35089075990835206,0.7164285714285714,1,1,0.9886562873357143,0.14290387632476223,0.5207142857142857,1,1,0.29871074238802137,0.1240146147896531,0.46714285714285714
3,0,1,1,2.052919799692857,0.3237334914881756,0.41928571428571426,0,1,0.8261899258000001,0.12024776818060952,0.9207142857142857,0,1,0.3937217897278571,0.07576034189816097,0.10571428571428572
4,0,1,1,1.790797182192857,0.34225446651041,0.7328571428571429,0,1,0.9150744696071429,0.11519347293879494,0.7628571428571429,1,1,0.2650146920345,0.10418724586566609,0.6
5,0,1,1,2.0136669309214286,0.3703514059182467,0.5014285714285714,1,1,0.93893610235,0.12494783623961005,0.6871428571428572,1,1,0.31580224667007145,0.09827987211426711,0.3992857142857143
6,0,1,1,1.928053416107143,0.3838988168962529,0.5614285714285714,1,1,0.9970770633714284,0.15331415248717478,0.5085714285714286,0,1,0.38502490054428573,0.11112386791044443,0.20714285714285716
7,0,1,1,2.1969102409785717,0.40952372973980045,0.31357142857142856,0,1,1.1389189464142857,0.09103521625731686,0.06142857142857143,0,1,0.14313859776369928,0.09940718224450011,0.9164285714285715
8,0,1,1,1.9790361001428574,0.25091800720983415,0.5328571428571428,0,0,0.6466899289571428,0.14567975171601957,0.9835714285714285,0,0,0.47636725165714283,0.07404156091095122,0.017142857142857144
9,0,0,1,1.6606818006928572,0.33528019789776903,0.8457142857142858,0,1,0.8795619980285713,0.13103034301904837,0.8,1,1,0.2959456982026643,0.10854824928247729,0.4635714285714286
10,0,1,1,1.8911809792214285,0.30589788881210234,0.6364285714285715,0,1,0.8308689362928572,0.16459764046205957,0.8557142857142858,0,0,0.5154486325642856,0.09378951103840809,0.02
11,0,0,1,2.365100056571429,0.3753040378751983,0.16785714285714284,0,1,1.0486872102071427,0.07776743325132059,0.24857142857142858,0,0,0.11216038861582142,0.07984706699664355,0.9764285714285714
12,0,0,0,2.809943612714286,0.44680256637871635,0.03571428571428571,0,0,1.20636253845,0.08516066596899492,0.007857142857142858,0,0,0.12484399920719998,0.08744335739358439,0.9621428571428572
13,0,1,1,2.1075704194214286,0.4144660661689299,0.4035714285714286,0,1,1.1281232493214286,0.11897068161683412,0.1392857142857143,1,1,0.2373653589217143,0.12025052215336686,0.6792857142857143
14,0,1,1,1.74696658105,0.4234244912737672,0.725,0,1,1.1224656025857143,0.11076761530662828,0.12857142857142856,0,1,0.20788763255209286,0.11588885515936886,0.7792857142857142
15,0,0,0,2.7073844619285716,0.36314720150647734,0.025714285714285714,1,1,1.0413562662785716,0.073636702258042,0.2735714285714286,0,0,0.10696907548281429,0.07433445399533711,0.9835714285714285
16,0,1,1,1.8702759635142858,0.4290024303754541,0.615,0,1,1.1310351115428572,0.09995334191421196,0.09571428571428571,0,1,0.18003378159235714,0.10303463588952266,0.8692857142857143
17,0,1,1,2.0773479201214284,0.3946147468494957,0.4185714285714286,1,1,1.0241517715142858,0.0968733018880964,0.385,0,1,0.17876233036831074,0.10148029798366823,0.8692857142857143
18,0,1,1,2.1920501524142857,0.3504145449267792,0.285,0,1,0.9088395455642857,0.1251884999315313,0.7835714285714286,0,1,0.38698454646071434,0.08701834218792764,0.1457142857142857
19,0,1,1,2.042821722421429,0.3782131738308687,0.4607142857142857,1,1,0.9586876741857142,0.12832154073688595,0.6421428571428571,1,1,0.33542822509671427,0.1037790620602395,0.29928571428571427
20,0,1,1,1.9338609723785716,0.3618375565380099,0.5842857142857143,1,1,0.9750349972714285,0.14231413266970308,0.5742857142857143,1,1,0.30218187608475,0.12210779304835058,0.435
21,0,1,1,1.8942131898571428,0.34239465852040507,0.6257142857142857,1,1,0.9831858969642857,0.12108433905071672,0.535,1,1,0.2567819173271929,0.10871636976189537,0.6142857142857143
22,0,1,1,1.831393964842857,0.41681168204465147,0.6607142857142857,0,1,1.0870819917142855,0.08023160175025952,0.12714285714285714,0,0,0.11399157488067142,0.08146269130051945,0.9778571428571429
23,0,0,1,2.281561461785714,0.4243818271194711,0.24714285714285714,0,1,1.1249832058999998,0.08873747706489604,0.07571428571428572,0,1,0.13975145956069285,0.09365295216975704,0.9364285714285714
24,0,0,0,2.8018171030714285,0.39809733019261734,0.025,1,1,1.0327397833714285,0.12723370520224603,0.41785714285714287,1,1,0.2934221454800714,0.10879250480858807,0.4735714285714286
25,0,0,0,2.6697412469285715,0.36654558695081174,0.037142857142857144,1,1,0.9506018525714285,0.13435888163456502,0.6707142857142857,1,1,0.3275083008971429,0.10388993259249706,0.3357142857142857
26,0,0,1,2.278501553314286,0.36518388559406123,0.21928571428571428,1,1,0.9285456999928572,0.13899577654383052,0.715,0,1,0.36889062201214284,0.09995283522963981,0.20642857142857143
27,0,1,1,1.8136398917571428,0.4192649570460843,0.6792857142857143,0,1,1.1194354349214284,0.08263608290980497,0.07,0,0,0.1094543015814857,0.0755616210938979,0.9821428571428571
28,0,1,1,2.0483800195,0.4048281172955635,0.4607142857142857,0,1,1.0892342366285714,0.10823759561622072,0.22,0,1,0.2067213074159643,0.11260328170861104,0.7778571428571428
29,0,1,1,1.9488757815785713,0.42895850496992816,0.5385714285714286,0,1,1.1385331490428572,0.12118090632429229,0.14357142857142857,1,1,0.23648295681797932,0.11632948754959516,0.6792857142857143
30,0,0,1,1.60853018035,0.4154281066789929,0.8335714285714285,0,1,1.1130665705142857,0.10833396975943052,0.15071428571428572,0,1,0.20678973107642856,0.1113988382668506,0.7814285714285715
31,0,0,1,1.4920201106465714,0.34714879000043286,0.9221428571428572,1,1,0.9293331640714284,0.1229568107437386,0.7264285714285714,0,1,0.39123956750499994,0.08243373894268345,0.12428571428571429
32,0,0,1,1.6633261350214286,0.40826239999913694,0.795,0,1,1.0921868146214286,0.07788212803779045,0.11357142857142857,0,0,0.11226883889150001,0.08115230218745584,0.9814285714285714
33,0,1,1,2.088219659114286,0.395049852956601,0.4,1,1,0.9865803567285715,0.14237847142469315,0.5564285714285714,1,1,0.32409562353599997,0.11954448737698722,0.3557142857142857
34,0,1,1,1.7851917370428572,0.37272930613206817,0.73,1,1,1.000150777092857,0.14183679743292044,0.5371428571428571,0,1,0.3729678534413571,0.10949120947520515,0.20714285714285716
35,0,1,1,1.9193061802142857,0.38616657496742707,0.5807142857142857,1,1,1.0247891007142858,0.1310313945134055,0.435,1,1,0.27702468867121427,0.11906856167557059,0.5264285714285715
36,0,1,1,2.0054748961785713,0.3977681388974882,0.4878571428571429,0,1,1.0779625682214287,0.11293240647222347,0.24785714285714286,0,1,0.2069007407500743,0.11354536085779542,0.7671428571428571
37,0,0,0,1.0575140338721427,0.3570197888469114,0.9957142857142857,1,1,0.9440923348642857,0.12400563525395236,0.6942857142857143,1,1,0.315988128095,0.09584368374420504,0.36857142857142855
38,0,0,1,1.6759579569428573,0.3199537481273924,0.86,0,1,0.8675811053071428,0.12392979439812454,0.8471428571428572,1,1,0.2856531370467857,0.10502342358241461,0.505
39,0,1,1,2.2826757534499995,0.43432986991897105,0.2571428571428571,0,1,1.0801997832285715,0.10495972091995968,0.20857142857142857,0,1,0.18364764627419286,0.10568893405141784,0.8514285714285714
40,0,1,1,1.7302575185357143,0.4260982553366521,0.74,0,1,1.1000420008,0.1235147051590455,0.21642857142857144,1,1,0.2777684826792857,0.11341995118494799,0.5307142857142857
41,0,0,1,1.6172096085971426,0.46540915873359784,0.7978571428571428,0,0,1.212432214857143,0.1229246092804227,0.04642857142857143,1,1,0.24013131148328573,0.11938707932834923,0.675
42,0,1,1,1.8754755322285714,0.3682846458654597,0.6164285714285714,1,1,0.9748892834500001,0.13975360793159405,0.5742857142857143,1,1,0.34541362885814286,0.1083556034115084,0.28285714285714286
43,0,1,1,1.7644082539785713,0.45530835905191985,0.6892857142857143,0,1,1.1899291557571428,0.11977385172252417,0.05928571428571429,1,1,0.2487918550914893,0.12155593260490351,0.6242857142857143
44,0,0,1,1.7021902483142857,0.3946058938028117,0.7771428571428571,1,1,1.0230709428142857,0.11507372407318685,0.41785714285714287,1,1,0.24512952270649999,0.10783506533289275,0.6678571428571428
45,0,0,1,2.5356599991428572,0.3776572898608701,0.07857142857142857,1,1,1.005846592907143,0.1396371893997957,0.5114285714285715,0,1,0.376401760665,0.10592555613667687,0.1992857142857143
46,0,0,1,2.26255055525,0.39564970820038803,0.24785714285714286,1,1,1.0553131286142856,0.11653565351962626,0.32,1,1,0.22905909860314289,0.1124783813714928,0.71
47,0,1,1,2.203509643657143,0.37808930372961524,0.2885714285714286,1,1,0.9869712079857144,0.11798248803989558,0.5542857142857143,1,1,0.2761308158680714,0.10605836513694543,0.5421428571428571
48,0,1,1,2.0476463187214287,0.3644637248503595,0.4542857142857143,1,1,0.9670915175214286,0.09725151527502153,0.6164285714285714,0,1,0.18462906432348572,0.09839235599530884,0.8792857142857143
49,0,0,1,1.5860265241357143,0.3438375292663274,0.8885714285714286,0,1,0.9120241078142856,0.11343111995676944,0.77,1,1,0.24887849028207143,0.10259051074236578,0.6635714285714286
50,0,1,1,1.8541646846142859,0.3891912546746113,0.6635714285714286,1,1,1.0136091094857145,0.08274790554879052,0.4357142857142857,0,0,0.14133421771149285,0.08695961775179288,0.9635714285714285
51,0,0,1,1.5140074820857146,0.4020966836513826,0.8871428571428571,0,1,1.0819507697142856,0.1165681071725586,0.2307142857142857,0,1,0.21044846703971432,0.11842455198003232,0.76
52,0,0,0,1.38133372729,0.37308996770043307,0.95,1,1,0.9618062586499999,0.09208175510101796,0.6464285714285715,0,1,0.16432613246402145,0.09291618737130121,0.92
53,0,0,1,2.3105752079285713,0.3770152760605485,0.19714285714285715,1,1,0.9901095610857144,0.1359929784699935,0.5535714285714286,1,1,0.28472731451922856,0.11537133125539448,0.4957142857142857
54,0,0,0,1.152662665754357,0.3571171325348871,0.9942857142857143,0,1,0.9290426171357142,0.09723046453749852,0.7514285714285714,0,1,0.18422107874871432,0.09651063743252986,0.8864285714285715
55,0,1,1,1.9734999275142862,0.3360589739049695,0.5321428571428571,1,1,0.925149588507143,0.12907533595647985,0.7121428571428572,1,1,0.29605869491357145,0.10613294667385548,0.4614285714285714
56,0,1,1,2.1720704612142856,0.3217005391053827,0.29285714285714287,0,1,0.8230022753714286,0.14995350863353699,0.87,0,1,0.3707509877607143,0.10289686359841214,0.21642857142857144
57,0,0,1,2.497257725357143,0.3934884598866976,0.10214285714285715,1,1,1.03477027515,0.10279752664183049,0.35714285714285715,0,1,0.19776929815195,0.10637180557694931,0.8228571428571428
58,0,0,1,1.6678144071428573,0.3910013619749206,0.8057142857142857,1,1,1.0216190208857143,0.1130712075005925,0.425,1,1,0.236613496985,0.10666048278838472,0.695
59,0,0,0,2.645137839,0.3938608681323808,0.04642857142857143,1,1,0.9980275713357144,0.10867382615706014,0.48928571428571427,0,1,0.2053644677169286,0.10749048533851961,0.7885714285714286
60,0,0,1,2.27892583075,0.4052682123088078,0.24142857142857144,1,1,1.0596816698,0.09743971505732262,0.2692857142857143,0,1,0.17814372475544002,0.10099743028168337,0.875
61,0,1,1,2.151106243628571,0.40673048613702123,0.3557142857142857,1,1,1.056121406935714,0.11192076316839605,0.31214285714285717,1,1,0.2314426753745,0.11075217551066549,0.7078571428571429
62,0,0,0,1.2557819379285715,0.3562890134359923,0.9807142857142858,1,1,0.9279907509857143,0.12987539440814977,0.7235714285714285,1,1,0.34846273431942854,0.10233676104362573,0.25357142857142856
63,0,1,1,2.096415605328571,0.3611611144292651,0.3821428571428571,0,1,0.9046749455214286,0.13340427241070707,0.775,0,1,0.37633020408449996,0.09906228418990157,0.17857142857142858
64,0,0,1,2.319134936892857,0.3752703762281085,0.20714285714285716,1,1,0.9924591159000001,0.13351392837319961,0.5242857142857142,1,1,0.3201480971982857,0.11116963380265124,0.37857142857142856
65,0,1,1,2.010944070564286,0.4280984520330287,0.5,1,1,1.0859741566428571,0.1309315169165828,0.25857142857142856,1,1,0.2369169158377143,0.13066800511888713,0.6478571428571429
66,0,0,1,1.693298447442857,0.3511233472932114,0.8078571428571428,1,1,0.9526192097142858,0.1406332470712888,0.6457142857142857,1,1,0.3308989440232143,0.11492946396859863,0.31785714285714284
67,0,1,1,1.8721784628214286,0.3605857223531106,0.6528571428571428,1,1,1.00441887495,0.12245055575323713,0.49357142857142855,1,1,0.2607293689675,0.11260315206490057,0.5857142857142857
68,0,1,1,2.1658894630714283,0.35677661551599765,0.3314285714285714,1,1,0.9748882716999999,0.07274459124397768,0.625,0,0,0.1150134281353,0.08129208566827542,0.9778571428571429
69,0,1,1,2.021720653357143,0.3942928682161776,0.4664285714285714,1,1,1.0338429222785712,0.11885488217912825,0.39,1,1,0.2504717888035,0.1109610599996103,0.6392857142857142
70,0,1,1,1.9276162442714284,0.3756060544474143,0.5692857142857143,1,1,1.00659201635,0.11193440523030908,0.47214285714285714,1,1,0.2303434220521428,0.10727211203958939,0.7164285714285714
71,0,0,1,1.5932776744785715,0.40086757485609203,0.845,1,1,1.0508874286857144,0.12928069796500688,0.34714285714285714,1,1,0.25889025867605,0.12167865724720292,0.5978571428571429
72,0,0,1,2.393058656121428,0.4308422064499445,0.18,0,1,1.11146835205,0.1438544935960632,0.225,1,1,0.29042422650867855,0.13035612634218027,0.485
73,0,0,1,2.358913636357143,0.36800158556145396,0.15785714285714286,1,1,1.0796103730642859,0.12426603134880097,0.2557142857142857,1,1,0.2398816611339214,0.12361288055109794,0.6557142857142857
74,0,1,1,1.7844081727571428,0.3873463404244447,0.715,1,1,1.000945140342857,0.12395189407322635,0.5264285714285715,1,1,0.34681982958999996,0.09834208147664932,0.2542857142857143
75,0,0,1,1.5271499970214286,0.39911572547031965,0.8828571428571429,0,1,1.0821514684571427,0.12135598217941299,0.24571428571428572,1,1,0.23230981597472858,0.11918857845647801,0.69
76,0,0,1,1.4164167207707143,0.4278279343239609,0.9057142857142857,1,1,1.0484687607357144,0.13999873620200837,0.36142857142857143,1,1,0.28051516574178575,0.1279002654226079,0.5271428571428571
77,0,1,1,2.1331239799,0.42464474083192283,0.36,0,1,1.1028067427714283,0.10826978784855468,0.185,0,1,0.19775442801535714,0.10822406465257911,0.8178571428571428
78,0,0,1,1.6177107938857145,0.35807431077074586,0.8578571428571429,1,1,0.938370060842857,0.11957372724288785,0.6707142857142857,1,1,0.22029248170112858,0.11190380751829411,0.7321428571428571
79,0,0,1,2.446298846357143,0.41266779388679214,0.13714285714285715,1,1,1.0557556405142856,0.1114588739796497,0.31285714285714283,0,1,0.20578594492285715,0.11304203680510068,0.7707142857142857
80,0,0,0,1.0465027813026428,0.38294157393791783,0.9942857142857143,1,1,0.9728846495500001,0.12610287560024838,0.59,1,1,0.3049190530107857,0.10474431986442284,0.4342857142857143
81,0,0,1,1.6883269378928571,0.373538540581862,0.7921428571428571,1,1,0.988531791057143,0.1154864966889713,0.5378571428571428,1,1,0.2635676754937857,0.10377994532839574,0.5978571428571429
82,0,1,1,1.7831105799785714,0.39619415161021626,0.715,1,1,1.0291519750642857,0.12186768348310194,0.4135714285714286,1,1,0.27026388804664286,0.11336202300643847,0.5578571428571428
83,0,1,1,1.7580551337642858,0.37770876580849044,0.7264285714285714,1,1,1.0395024200428573,0.09802245244735693,0.33214285714285713,0,1,0.15961390467830716,0.09799329048865876,0.8971428571428571
84,0,1,1,1.7915119980857142,0.39479708741181246,0.7135714285714285,0,1,1.0947962802285713,0.09139266023570372,0.14714285714285713,0,1,0.15208418777248428,0.09527134185600379,0.92
85,0,0,1,1.783506814657143,0.2774056243319835,0.7985714285714286,0,1,0.7232068949428572,0.16661366817877932,0.9457142857142857,0,0,0.5387677060357142,0.08598078231595478,0.0064285714285714285
86,0,1,1,2.025644513157143,0.3399439515407749,0.4585714285714286,0,1,0.9032469178071427,0.13399054290349333,0.7771428571428571,0,1,0.35362917560635715,0.09854718391096345,0.24928571428571428
87,0,0,1,2.6226523125714287,0.4021368897844209,0.06785714285714285,1,1,1.06783938265,0.1172909807717241,0.26357142857142857,1,1,0.2273230854227143,0.11538808753128527,0.7078571428571429
88,0,0,0,1.30496503939,0.3684626266898834,0.9678571428571429,1,1,1.0005872557428572,0.12218198730894558,0.515,1,1,0.2909495085257857,0.108346660593185,0.4764285714285714
89,0,1,1,2.017363527292857,0.40904415615615214,0.4785714285714286,1,1,1.071976912707143,0.12036235211327219,0.2807142857142857,1,1,0.23776787323578571,0.11677470373641909,0.6635714285714286
90,0,0,1,1.7032742004857144,0.41359115852456224,0.7592857142857142,0,1,1.0991252080642857,0.09660281062073825,0.165,0,1,0.1958295457777857,0.10211851960621232,0.8292857142857143
91,0,0,0,2.6166940180000005,0.34470327167223846,0.04071428571428572,0,1,0.9047920858571429,0.12907447301630906,0.755,1,1,0.31426839887,0.09907346675650533,0.38642857142857145
92,0,1,1,1.8197048318714286,0.43409382705963656,0.6642857142857143,0,1,1.2233823806,0.14025725738471265,0.05785714285714286,1,1,0.2597399071156357,0.1379219251982794,0.5814285714285714
93,0,0,0,1.1833127587264285,0.3573054230772176,0.9914285714285714,1,1,0.9634400914071427,0.12223690853552206,0.6578571428571428,1,1,0.3150600320112786,0.1041816193232494,0.36428571428571427
94,0,0,0,1.285189732957143,0.40857848502720134,0.9621428571428572,1,1,1.0758645689142856,0.11657332469271259,0.265,1,1,0.23553075071746427,0.11300437885176756,0.6892857142857143
95,0,1,1,1.9244204483928573,0.40046602434503165,0.5778571428571428,1,1,1.0753293126928571,0.11995543967573856,0.28214285714285714,1,1,0.2689322857687857,0.11081891017481306,0.5657142857142857
96,0,1,1,1.880492107442857,0.39873451250281067,0.6128571428571429,1,1,1.07002093125,0.1313896980118575,0.315,1,1,0.3011422615799214,0.11680995287896057,0.4407142857142857
97,0,0,1,2.267596385285714,0.21706832290376807,0.10285714285714286,0,0,0.5876411895357143,0.11503097305987438,0.9985714285714286,0,0,0.47823835915,0.05823244153211965,0.0
98,0,0,1,1.5976397216,0.3610089944595573,0.875,0,1,0.9195426905642858,0.11119809203569778,0.7571428571428571,1,1,0.22577369703323574,0.10744671535093869,0.7357142857142858
99,0,0,1,1.6848314087214287,0.4389409675645088,0.755,0,1,1.163201676642857,0.10326904772827454,0.06571428571428571,0,1,0.17562001270385716,0.11207867163245232,0.8514285714285714
100,0,1,1,1.9507518225014284,0.4694636709352161,0.5414285714285715,0,0,1.2180236757642857,0.12660545065198162,0.04928571428571429,1,1,0.23711877550352856,0.12826834425482403,0.6735714285714286
101,0,1,1,2.1399449613285713,0.4476051728417994,0.37142857142857144,0,1,1.1759734309,0.11944733938987316,0.08,1,1,0.2369075692268071,0.11898086147132508,0.6742857142857143
102,0,0,1,2.644375798857143,0.40259388712050115,0.05928571428571429,0,1,1.0849596919642857,0.09683447968571472,0.17857142857142858,0,1,0.16996534916249284,0.10037924838858735,0.8935714285714286
103,0,1,1,2.209746330192857,0.39340542149239743,0.29928571428571427,1,1,1.0739580110857143,0.1215820375447169,0.2792857142857143,1,1,0.22712466739705,0.12153011829218317,0.6985714285714286
104,0,0,1,1.6522040964500002,0.3933201054650264,0.8157142857142857,1,1,1.043449192457143,0.1221035925804066,0.36357142857142855,1,1,0.2658869531887143,0.11042178349290614,0.585
105,0,1,1,1.8076617348928572,0.3849121586471475,0.685,1,1,1.0622660073428571,0.12066437814300035,0.2957142857142857,1,1,0.22637502880327143,0.119608843021262,0.7021428571428572
106,0,0,1,1.6434199238185716,0.44483794448400105,0.7807142857142857,0,1,1.1476626555785714,0.0990535915209185,0.07428571428571429,0,1,0.17716821368775,0.10214551466328912,0.8785714285714286
107,0,0,1,1.6959389646571428,0.3346750692235866,0.8228571428571428,0,1,0.8641755580571429,0.12293350074450361,0.8621428571428571,0,1,0.3964743598928572,0.08303996831172555,0.09928571428571428
108,0,0,1,1.7350670768500003,0.34794828068880534,0.7878571428571428,1,1,0.9220820751428571,0.11767760771666529,0.7442857142857143,1,1,0.2660662640724214,0.09955329249668918,0.5914285714285714
109,0,0,1,2.4834418447357143,0.4294670976121157,0.12785714285714286,0,0,1.1791530248928572,0.09625226340204596,0.03785714285714286,0,1,0.15804129922719284,0.10333880573751646,0.8964285714285715
110,0,0,1,1.454914610992857,0.3953330823787073,0.9178571428571428,0,1,1.0700506424285716,0.1008102027921017,0.21,0,1,0.16914747881485573,0.10981957861388157,0.8664285714285714
111,0,1,1,1.865138830392857,0.42187820552220606,0.6264285714285714,0,1,1.1163720191714286,0.14753448864757526,0.235,1,1,0.3336275249657143,0.11784548883726034,0.36357142857142855
112,0,0,1,1.5140898821142854,0.4147390225752091,0.8807142857142857,0,1,1.1159144375428571,0.14522036298737698,0.22214285714285714,1,1,0.2914006620193571,0.13398232086371611,0.48714285714285716
113,0,0,1,2.251328514785714,0.33939880324410815,0.22642857142857142,1,1,0.9377258942285714,0.12167712847890388,0.7014285714285714,1,1,0.3294892552564285,0.09691656879112864,0.3414285714285714
114,0,0,1,2.4746388084285713,0.39173180178256867,0.11357142857142857,1,1,1.0455994871071428,0.08168335282171453,0.2907142857142857,0,0,0.11552040555010713,0.0797413161631411,0.9771428571428571
115,0,0,0,1.2715518382257143,0.3400068754299448,0.9842857142857143,0,1,0.8978585218428571,0.1267052401542669,0.7678571428571429,1,1,0.27205243475269286,0.1094580971581294,0.5528571428571428
116,0,0,1,1.5446486403214283,0.41332454014147796,0.8671428571428571,1,1,1.048241333542857,0.1151623352047147,0.34214285714285714,1,1,0.2246268796780714,0.11497661105970276,0.7185714285714285
117,0,1,1,1.9028314610285715,0.3141814896490144,0.6228571428571429,0,0,0.7714061849571427,0.12382605847571024,0.9614285714285714,0,1,0.39378015583428577,0.0762366110117712,0.105
118,0,1,1,2.072882402042857,0.31331868072127755,0.41285714285714287,0,1,0.8254065417428572,0.17655329416359242,0.8257142857142857,0,0,0.51251143175,0.09758586592214465,0.022857142857142857
119,0,0,0,2.7560905165714287,0.3948759901827079,0.03214285714285714,1,1,1.0521225320857144,0.14052265647520373,0.36142857142857143,1,1,0.30355529427405,0.12119092496202381,0.4235714285714286
120,0,1,1,2.0902233508928574,0.3875212105579515,0.4042857142857143,1,1,1.0348787400785715,0.12529230594015006,0.35714285714285715,1,1,0.22839332088997857,0.12182981604664808,0.6935714285714286
121,0,0,1,1.5833678867785717,0.30824434032268366,0.9028571428571428,0,1,0.8100227682000001,0.1284184616982108,0.9271428571428572,0,1,0.3614450434264285,0.08757324531764568,0.20714285714285716
122,0,1,1,2.274214378042857,0.448413365762908,0.26571428571428574,0,1,1.17519762015,0.10034827591253977,0.05357142857142857,0,1,0.1674488812476107,0.10412788121884937,0.8864285714285715
123,0,1,1,2.2187692144928572,0.40827852380516294,0.2907142857142857,0,1,1.0821560403285713,0.11319064596183809,0.24642857142857144,1,1,0.23234786436614285,0.10478378390687977,0.7171428571428572
124,0,0,1,1.6063080203242854,0.39874561968152755,0.8378571428571429,1,1,1.0663330691785715,0.13918223474902316,0.2957142857142857,1,1,0.2526025773474571,0.13230463369171144,0.6171428571428571
125,0,1,1,1.899360910207143,0.401572031707792,0.5864285714285714,0,1,1.1152794629,0.11776023714587784,0.16357142857142856,1,1,0.22264200803311432,0.12171868866686476,0.7142857142857143
126,0,1,1,2.1428754425714285,0.4166656562173163,0.36714285714285716,0,1,1.1218840078428571,0.11199679446677609,0.14,0,1,0.20603863641540215,0.1132965000901828,0.7621428571428571
127,0,0,1,1.617680579964286,0.34386506274153655,0.8592857142857143,0,1,0.9033078784285713,0.10549538514593258,0.8164285714285714,0,1,0.22015208697777858,0.10258922207342466,0.7628571428571429
128,0,0,0,1.373728659107143,0.23787683726428663,0.9957142857142857,0,0,0.598976823157143,0.13393136600036687,0.9971428571428571,0,0,0.5167131894357143,0.06612066261823235,0.002142857142857143
129,0,1,1,1.9894436971285716,0.37118256767684626,0.5128571428571429,1,1,0.947701313442857,0.12245048961910798,0.64,1,1,0.25592473984885716,0.10948014319902036,0.6192857142857143
130,0,1,1,1.998523366714286,0.3186869742509726,0.5035714285714286,0,1,0.8565675134142858,0.1405579532868786,0.8364285714285714,0,1,0.3660298819507143,0.09590267623596115,0.22428571428571428
131,0,0,0,2.6585817715714284,0.34194104082689136,0.024285714285714285,0,1,0.8952997894571428,0.12428501881191298,0.8085714285714286,0,1,0.3537646451827143,0.09390840460147183,0.21785714285714286
132,0,0,1,2.4537180929214286,0.3878149585281917,0.11785714285714285,1,1,1.005078441357143,0.11172395954475062,0.4692857142857143,1,1,0.23099702972442857,0.10739428676535248,0.7185714285714285
133,0,1,1,2.1714463867285714,0.32865559077853895,0.31214285714285717,0,1,0.9092127076285713,0.1071299472913189,0.79,0,1,0.2035276816797143,0.10324518011907576,0.8085714285714286
134,0,1,1,2.2822702751357142,0.4523985360272419,0.2592857142857143,0,1,1.168492546892857,0.10314107290730413,0.062142857142857146,0,1,0.17265631457559286,0.10628782073261464,0.8685714285714285
135,0,1,1,2.177314020764286,0.42165886918877465,0.335,0,1,1.0987741897500003,0.06971643886731009,0.07142857142857142,0,0,0.08776545820354287,0.06222423354108911,0.9957142857142857
136,0,0,0,1.608808761592857,0.2361597447685855,0.9578571428571429,0,0,0.6191160151785714,0.09778393980320575,0.9992857142857143,0,0,0.43574821788571433,0.05399887798181216,0.011428571428571429
137,0,0,1,2.5459244627142854,0.3878689800399143,0.08142857142857143,0,1,1.0735276293285714,0.09926197131394696,0.22,0,1,0.1708615176194793,0.10517564312704569,0.8657142857142858
138,0,1,1,2.061249289664286,0.36907313684372267,0.44785714285714284,1,1,0.9906213753,0.13600679089298476,0.5414285714285715,1,1,0.32879121356214286,0.11182082065373791,0.35214285714285715
139,0,0,1,2.4045652056428573,0.35554514374781837,0.11785714285714285,1,1,0.9365756038285714,0.12186002065584825,0.6914285714285714,1,1,0.3153089583166429,0.09915631065730429,0.38357142857142856
140,0,0,0,1.3090968023000003,0.36250765069970803,0.9671428571428572,1,1,0.9741926939928571,0.12402602791349034,0.595,1,1,0.3003279299242143,0.10728551753618598,0.44571428571428573
141,0,0,1,2.6676940337142856,0.4185654837750084,0.055,0,1,1.12117306455,0.11872869519637713,0.16785714285714284,1,1,0.21764246696944287,0.12227184630691028,0.7207142857142858
142,0,1,1,1.8060048935214286,0.41453846243198206,0.6842857142857143,0,1,1.0970013453142857,0.09196885374272346,0.14357142857142857,0,1,0.14707244574299289,0.09229952379705213,0.9392857142857143
143,0,0,0,0.9242242496367215,0.4097412176919905,0.9942857142857143,1,1,1.0234321746928572,0.12225552019829107,0.41,1,1,0.2463692323892143,0.11854606738734426,0.6414285714285715
144,0,1,1,1.866757875857143,0.25931786394705064,0.6935714285714286,0,0,0.6380795926857143,0.12903971389397795,0.9928571428571429,0,0,0.5030845323857143,0.06625478881548284,0.002142857142857143
145,0,0,0,1.0508855565150002,0.3624136153552528,0.9971428571428571,1,1,0.9697865258571429,0.13537091620939942,0.61,0,1,0.37174815140799994,0.1019934697056625,0.21214285714285713
146,0,0,1,2.5113628587142856,0.3908643941637655,0.1,1,1,1.0346479741642858,0.07994178388761093,0.31285714285714283,0,0,0.13395732501706428,0.0852972340410748,0.9671428571428572
147,0,0,1,1.750346336592857,0.34472341724835526,0.77,1,1,0.9448958258285715,0.12364811453453983,0.7071428571428572,0,1,0.36599203365000005,0.08979966968169317,0.2057142857142857
148,0,0,1,1.5087147973285713,0.37656930041227477,0.8992857142857142,1,1,0.9663896825857143,0.15806310561000766,0.5857142857142857,1,1,0.35543531155599994,0.1262314245894429,0.2857142857142857
149,0,0,1,1.6943876927857144,0.3919900745263933,0.7807142857142857,1,1,1.0421843746142858,0.1127890181810764,0.3157142857142857,0,1,0.20168060459199288,0.11924727149668139,0.765
